ID_LUGAR,NOMBRE_COMUNA,VIA,BARRIO
8b235a7c-79f6-4803-acf0-e22930793fd5, MUTIS,CALLE,MUTIS
a1f9a2d8-f012-42fc-ae5f-bca64cd6af0e, NORORIENTAL,VIA MATANZA,REGADEROS NORTE
e0c5969f-4c1a-4ccb-a483-f81a24841489, CABECERA DEL LLANO,CARRERA,CABECERA DEL LLANO
69b43800-5221-407c-891a-09a0e9a73898, SAN FRANCISCO,CARRERA,NORTE BAJO
f03f49da-3af0-4ef6-ae54-3c4604f5cb2b, SUR,CARRERA,DANGOND
dc1aade2-1b26-4f5d-8c32-bf495da1491d, LA CONCORDIA,CALLE,SAN MIGUEL
a3197f7b-df80-4eca-a7e8-f7e8e05a3dd6, LA PEDREGOSA,CARRERA,LA PEDREGOSA
42eee646-a42c-48f7-b2ed-f8c1b2178b4d, SUROCCIDENTE,TRANSVERSAL METROPOLITANA,BUCARAMANGA
125379e4-ec08-42c8-9d05-6bbb6e4202cb, NORORIENTAL,CARRERA,REGADEROS NORTE
bfef50b3-488c-4106-989e-f19e2a054148, NORTE,CARRERA,TEJAR NORTE
df5e29fa-fc88-44af-b1db-7a73d8e9839d, CABECERA DEL LLANO,CALLE,SOTOMAYOR
c4e1f2dc-e2d8-459e-8aac-65cc617d219c, NORORIENTAL,AUTOPISTA  NORTE,NORTE BAJO
8e34d1fa-0103-47bb-8ccc-87d3ab1ecda4, PROVENZA,CALLE,FONTANA
683faf3e-3a30-47e3-89c5-9e860fa248c0, PROVENZA,CARRERA,PROVENZA
4f6d8540-6d6f-4faf-961d-36ea3cb220dd, CABECERA DEL LLANO,CARRERA,NUEVO SOTOMAYOR
9117944f-1e73-44ec-bf99-c7001d515234, NORTE,AUTOPISTA  NORTE,CAFE MADRID
4543623d-c177-4607-9ac8-10030fb59499, CENTRO,CALLE,CENTRO
af9d661e-2ba6-4c71-ba66-6c31475f57b9, CENTRO,AVENIDA Q SECA,CENTRO
23e7cf6b-0197-47e9-ac96-1437304080e0, CENTRO,CARRERA,CENTRO
2def5e4f-6047-4e84-8bd3-4bc27bc9fb4f, ORIENTAL,CARRERA,ALVAREZ
c6406713-1c68-40d4-9fad-d5924ecc6644, LA PEDREGOSA,CALLE,ASTURIAS
003ac870-f5a0-41f2-9575-71478ec109ee, CABECERA DEL LLANO,CARRERA,BOLARQUI
0cec8595-9574-44bc-89e1-d93a80e08bbc, ORIENTAL,AVENIDA Q SECA,LOS PINOS
99c0f996-785d-4ed5-a180-2ef40c5083d3, SUR,CARRERA,MANUELA BELTRAN
f0414f71-c909-4cd4-9b44-c32e0a74a3d7, LA PEDREGOSA,CARRERA,LA PEDREGOSA
4d4ba0dd-1823-4ba1-b26e-a8f4a431f2db, OCCIDENTAL,ANILLO VIAL,RIO DE ORO I
fa100664-e133-4736-9b81-2c94203d14e1, SAN FRANCISCO,CARRERA,ALARCON
8785ab77-dd6a-4d09-b724-84a13410c748, LA CIUDADELA,CALLE,REAL DE MINAS
d6578f9f-0ff3-4c9b-8a3b-d627abc8a83c, LA CIUDADELA,CALLE,REAL DE MINAS
bd90d7c3-ebd4-460a-b03a-e7db0a73b984, ORIENTAL,CARRERA,ANTONIA SANTOS CENTRO
5f38fa5e-7f6c-4281-9eb8-42264888f11e, CENTRO,CALLE,CENTRO
feadf5e9-4693-4415-92d6-10f5ffb2b90c, CABECERA DEL LLANO,CARRERA,CONUCOS
a0bebfc7-6b07-47ff-b57e-adb9194bde55, SAN FRANCISCO,CALLE,ALARCON
5984a0b5-872b-4914-a078-b2bbd38c7a64, CABECERA DEL LLANO,AVENIDA Q SECA,NUEVO SOTOMAYOR
35aef678-a42d-42d7-895f-2ed2dd803d81, SAN FRANCISCO,AVENIDA Q SECA,ALARCON
07dce15d-5b49-438f-adc5-8472a3f96cb4, OCCIDENTAL,ANILLO VIAL,RIO DE ORO I
0e579c62-b1e5-4e19-9584-2e5a79dbd792, ORIENTAL,CARRERA,ANTONIA SANTOS CENTRO
5dd2b223-4ee4-4d38-bd3b-5377c0dd1f64, LA PEDREGOSA,AUTOPISTA FLORIDA BUCARAMANGA,ASTURIAS
e13d0db3-ccf1-4081-b41d-1fc3ada60c35, ORIENTAL,CALLE,LA AURORA
19435b7b-ae81-46fc-a625-7eb9524aa790, ORIENTAL,CALLE,MEJORAS PUBLICAS
14668895-8420-40f5-ba42-60f9ed3ce42f, CABECERA DEL LLANO,CARRERA,CABECERA DEL LLANO
03f73347-4e06-4a4f-a5ed-426bc4d69080, OCCIDENTAL,CALLE,GIRARDOT
b034af7f-2a3a-4ff0-b3cd-81e75c50e9aa, OCCIDENTAL,CALLE 45 VIA CHIMITA,RIO DE ORO I
26dcf701-2b37-4737-8971-df5be1bf97e2, LA CIUDADELA,AVENIDA  GONZALEZ VALENCIA,REAL DE MINAS
c50c3d13-31b2-414d-aa5e-e14481892144, ORIENTAL,AVENIDA Q SECA,SAN ALONSO
d81a425f-16f7-4a7e-a22b-5e7aab051fe1, ORIENTAL,CALLE,MEJORAS PUBLICAS
8cd43dbe-b78f-4d68-b49e-9053863ef587, CABECERA DEL LLANO,CARRERA,BOLARQUI
f18f8ff4-67f3-4163-92ea-6db88dd6d637, SUROCCIDENTE,AUTOPISTA GIRÓN,JUAN XXIII
27cdca2c-0e02-4dbb-8c71-49d9cc4dfce5, LA CONCORDIA,CALLE,LA CEIBA
17cb26e0-3e1c-439b-8b7a-a5bed62fa923, CENTRO,CALLE,CENTRO
3a5baead-860d-40bd-be29-6a3a07b76330, CENTRO,CALLE,CENTRO
6c741246-707b-49ea-9861-2fb51a6e1b91, SAN FRANCISCO,CARRERA,COMUNEROS
e8b0bafd-819c-4ad4-8b47-54bf58a03fa3, LA PEDREGOSA,DIAGONAL,LA PEDREGOSA
30b1d07f-a6f6-4246-bbc3-50654e31e97b, CABECERA DEL LLANO,CARRERA,CABECERA DEL LLANO
6d0303b8-2af9-46e0-ae3a-5f439c776f01, LA PEDREGOSA,AUTOPISTA FLORIDA BUCARAMANGA,ANTONIA SANTOS SUR
f21f7c8e-02f8-4d0d-8b4d-d2a424dbb9de, CABECERA DEL LLANO,CALLE,CABECERA DEL LLANO
504c1c68-f226-4ca2-8ca5-8e800a9c45f3, LA CONCORDIA,CARRERA,LA CONCORDIA
cdc25647-0557-4e95-a50b-026241ddf463, LA CONCORDIA,CARRERA,LA CONCORDIA
572eb1b8-c3ee-429f-abd9-70ccc35a809f, NORTE,CARRERA,CAFE MADRID
c3915bcc-29f9-44af-b736-d0063852a0f7, SUROCCIDENTE,AUTOPISTA GIRÓN,PREDIO URBANO PUENTE EL BUENO
86e6470b-3b25-42c8-b984-dbd3684df52a, ORIENTAL,CARRERA,SAN ALONSO
d88b13fd-57d5-4357-9a87-b051b37cdb74, LA PEDREGOSA,TRANSVERSAL,LA PEDREGOSA
9d3740ec-371f-46ea-86c9-7c13bb26e8c1, SUROCCIDENTE,AUTOPISTA GIRÓN,BUCARAMANGA
a9af446c-a858-449e-a1d7-637ab6f4c822, NORTE,AUTOPISTA  NORTE,DIVINO NIÑO
b78c21ef-b5b0-43e4-9f79-a77c653d046e, LA CIUDADELA,CALLE,REAL DE MINAS
ace2da52-9156-4d43-83b8-f61103c610db, CABECERA DEL LLANO,CARRERA,BOLARQUI
ae2e5173-873b-4686-84af-c5fc04693cfe, LA CONCORDIA,CARRERA,LA VICTORIA
d0953ff2-fcc6-4579-8aa0-3f78bdf60d78, SAN FRANCISCO,BOULEVAR BOLIVAR,SAN FRANCISCO
099f5095-db2d-4ea1-b4be-d120962a9305, SAN FRANCISCO,BOULEVAR BOLIVAR,SAN FRANCISCO
86580b56-9549-41d6-bd16-ab83931d9cd2, LAGOS DEL CACIQUE,CALLE,LAGOS DEL CACIQUE
fdd3df92-eadc-4f7f-ad72-8efa15690f24, CABECERA DEL LLANO,AVENIDA  EL JARDIN,EL JARDIN
8542059d-0c62-466c-b6d7-1322079d7286, CENTRO,CALLE,CENTRO
55140b6b-d908-4a13-8738-aeda0e696ca3, NORTE,AUTOPISTA  NORTE,COLSEGUROS NORTE
c19cac89-89a0-4151-8385-b114eaf70ab8, NORTE,AUTOPISTA  NORTE,COLORADOS
446f06f7-f540-4da7-9fc1-73e240a14145, MORRORICO,CARRERA,MIRAFLORES
b32cc5fc-89a2-4270-85a1-76b7fd1f053e, CABECERA DEL LLANO,CALLE,NUEVO SOTOMAYOR
81237f36-ce77-4818-baaf-effde131f81a, SUR,TRANSVERSAL METROPOLITANA,VILLA ALICIA
ac757b0c-3a91-456b-8b31-7822411e6e9e, PROVENZA,AUTOPISTA FLORIDA BUCARAMANGA,PROVENZA
988799e6-4166-4f7a-91ba-bb53dc04a452, MUTIS,CALLE,MUTIS
2884dd43-65a9-48ce-adca-de03dbf7b7cd, SAN FRANCISCO,BOULEVAR BOLIVAR,ALARCON
122e3ab8-0541-4382-907c-b02d8135666e, SAN FRANCISCO,AVENIDA Q SECA,ALARCON
36556b93-a712-4b36-baf2-8ee2c313e741,SIN INFORMACION,AUTOPISTA  NORTE,SIN INFORMACION
03af2e40-cce6-404a-bdd1-6bdb7b6dd76c, LA CONCORDIA,CALLE,CANDILES
fb8ee510-ab2d-4a98-adad-242f63317b73, ORIENTAL,CALLE,BOLIVAR
7c6c2b65-7003-4be5-b945-6f7981b0a2ec, SAN FRANCISCO,CARRERA,NORTE BAJO
bd68193d-97b9-47c9-b431-c51cfebe4c4e, CABECERA DEL LLANO,CARRERA,CABECERA DEL LLANO
4a909025-2404-4b45-99f2-b453b305ff29, LA PEDREGOSA,AUTOPISTA FLORIDA BUCARAMANGA,ANTONIA SANTOS SUR
78ccfe25-d46c-4638-82e2-64f59c4d89b6, CABECERA DEL LLANO,CARRERA,CABECERA DEL LLANO
098e6b47-c327-43b5-a0d6-5f8a3cab6afb, SAN FRANCISCO,CARRERA,SAN FRANCISCO
2ba41194-7720-4c3b-9882-9e5cd07d0ae7, CABECERA DEL LLANO,DIAGONAL 15,BOLARQUI
b2fb472a-1787-4136-8159-5d8fc39958ad, ORIENTAL,AVENIDA LA ROSITA,BOLIVAR
fa35fbef-472c-45b6-a82c-c4160ae7bed4, CENTRO,CARRERA,CENTRO
89c2642f-08a5-45b8-b2c4-1c00b9177ba0, SAN FRANCISCO,CARRERA,SAN FRANCISCO
d112c728-a5b2-4db7-925d-4230c41848eb, LAGOS DEL CACIQUE,CALLE,EL TEJAR
ff22aa76-d5dd-485a-beff-3d8ce886f0ec, MUTIS,CALLE,MUTIS
b71a0c04-5d00-4b02-8c04-ba5f4dc4c522, SUR,TRANSVERSAL METROPOLITANA,CAMINO DEL PARQUE
16ad7f02-d93b-4550-a9ad-1cf396c70606, CABECERA DEL LLANO,CALLE,SOTOMAYOR
debe56d2-d191-4425-b68a-45ca721cd535, CABECERA DEL LLANO,CALLE,CABECERA DEL LLANO
e95aae1f-efc8-4773-8571-7caeebfd8478, OCCIDENTAL,ANILLO VIAL,RIO DE ORO I
c92a36a8-deab-4b61-ad7c-59940f2fe7c0, ORIENTAL,CALLE,SAN ALONSO
065d0898-430f-4ec5-afb7-5ebda92d3878, GARCIA ROVIRA,CALLE,CAMPO HERMOSO
d20c0758-d410-4d54-99b2-ce21029ba9a0, CENTRO,CARRERA,CENTRO
09d81fa5-e5ae-4f5a-9b60-cd51a8b4c0e1, ORIENTAL,CALLE,MEJORAS PUBLICAS
f5954f32-9cf0-44bc-b715-3e7934980214, NORORIENTAL,CALLE,ESPERANZA I
286f6f5b-f209-4634-8493-198ef87efd0c, OCCIDENTAL,CALLE 45 VIA CHIMITA,RIO DE ORO I
2f4faa08-b123-43ed-8b88-708b596b7714, NORORIENTAL,AUTOPISTA  NORTE,NORTE BAJO
f11800b9-d743-48b9-afec-7c73b3ae4305, OCCIDENTAL,ANILLO VIAL,RIO DE ORO I
1ab42d75-502b-4b12-8599-5f2e770d495c, LA CIUDADELA,TRANSVERSAL METROPOLITANA,REAL DE MINAS
5d517b4a-f27e-426c-80ca-62f1c32f0d69, SAN FRANCISCO,BOULEVAR BOLIVAR,SAN FRANCISCO
f0d3a4c7-bd73-47b9-89ad-a31aedcf263e,FLORIDABLANCA,ANILLO VIAL,FLORIDABLANCA
bb7b540e-d7a4-4793-87c4-06b36393bf81, ORIENTAL,CARRERA,MEJORAS PUBLICAS
e072c359-1346-405d-ba89-7796fc030d79, SAN FRANCISCO,CARRERA,UNIVERSIDAD
f11147f9-6629-4c5a-8304-32b6f491d097, NORORIENTAL,AUTOPISTA  NORTE,SAN RAFAEL
ac0d802a-8e45-4e0a-9b4f-05d9dae9140e, CABECERA DEL LLANO,AVENIDA  GONZALEZ VALENCIA,NUEVO SOTOMAYOR
4b853957-4bd7-41d0-a5e8-e48e4bdebbbf, SAN FRANCISCO,CARRERA,COMUNEROS
34898d92-3a62-4ad2-b5f7-8e7f45b4f964, LA CONCORDIA,CARRERA,RICAURTE
ee73f45a-2135-4078-a943-e943f68f9073, LA CIUDADELA,CALLE,REAL DE MINAS
10e31c31-01f0-419d-8d28-ac018d9a72f7, LA CONCORDIA,CARRERA,RICAURTE
33b80cac-2290-40a0-937d-3273137cc95c, NORTE,AUTOPISTA  NORTE,KENNEDY
9325ce25-acb9-445e-bdd9-9200fcfb8134, CENTRO,CARRERA,CENTRO
41f6f2e5-8711-4b49-b4e1-e1d7ced21175, CENTRO,CALLE,CENTRO
8841b06e-ef43-4b8b-a59f-e37996f55564,SIN INFORMACION,AUTOPISTA GIRÓN,SIN INFORMACION
060eefb0-e43b-4df5-a43b-5d493acc8331, PROVENZA,CALLE,PROVENZA
6673421e-0df4-4786-9753-b64fbabf6a55, SUR,AUTOPISTA  NORTE,MANUELA BELTRAN
608e3681-7d85-46ff-9061-0b0ed634344f, SUROCCIDENTE,AUTOPISTA GIRÓN,JUAN XXIII
c7f7dee8-fa51-4a83-a3dc-bae8194460b9, PROVENZA,CALLE,PROVENZA
e879bc9e-7333-4afb-9ba7-514837c18c71, ORIENTAL,CARRERA,LA AURORA
1ded1019-32c6-4756-b9b0-193707df0eac, CABECERA DEL LLANO,CARRERA,NUEVO SOTOMAYOR
f03a322e-2d4e-46ed-a2fb-f4056fb1c806, CABECERA DEL LLANO,CARRERA,NUEVO SOTOMAYOR
acd41b72-0ade-4ba2-a8b9-97746a9d9a25, NORTE,AUTOPISTA  NORTE,KENNEDY
06db4c3a-be14-4dc3-9a5c-bdb9d7a8d43b, OCCIDENTAL,AUTOPISTA GIRÓN,RIO DE ORO I
aaa9c0ef-f053-4cc4-a33f-4621e8a17748, LAGOS DEL CACIQUE,TRANSVERSAL ORIENTAL,SANTA BARBARA
c24db779-623f-4625-a537-6814250d9f86, CENTRO,CALLE,CAMPO HERMOSO
d304bc66-e2f4-4c3e-b0ef-d2f622e8c84a, PROVENZA,CARRERA,PROVENZA
9bfdc1fa-0646-467a-9eeb-d31559cd56f5, MUTIS,CALLE,ESTORAQUES I Y II
898595bd-776d-4493-8060-a9057919cdb1, PROVENZA,CALLE,PROVENZA
10ce4520-715e-4975-8738-3389f1d10797, ORIENTAL,CARRERA,LA AURORA
5240c1cc-e518-4cbd-8c29-af48181ee91e, LAGOS DEL CACIQUE,CALLE,SANTA BARBARA
10dfb4b4-a292-4993-8eb8-216bb63d1a68, ORIENTAL,CARRERA,LA AURORA
30f437fc-e8ab-42eb-93fe-cbe3404aebbf, ORIENTAL,CALLE,LOS PINOS
e0f09d52-adaa-4913-a6b1-33263b556368, GARCIA ROVIRA,CALLE 45 VIA CHIMITA,LA ESTRELLA
4442c40c-7437-43ac-ab3f-c36ec3fd61be, LA CONCORDIA,CARRERA,LA CONCORDIA
9333b547-4d58-4c4c-a96f-72ff9c2bec8f, CABECERA DEL LLANO,CALLE,SOTOMAYOR
80d81a11-98ff-439e-91d6-3668ad91fdf4, SUROCCIDENTE,CALLE,SAN GERARDO
db3e1ff8-5c16-48a3-ad35-62ae54f215be, ORIENTAL,CARRERA,SAN ALONSO
8c832342-e0d9-406f-97ec-e71671efbd33, CABECERA DEL LLANO,CARRERA,CABECERA DEL LLANO
a1b9b9e4-8907-4f78-8d74-507fa653f73b, CENTRO,CALLE,CENTRO
5a389822-1494-49a3-b2ed-d8deaf3afe67, ORIENTAL,CARRERA,LA AURORA
49d20c26-3f4c-4dc4-8e63-83c5b9b201ff, LA PEDREGOSA,AUTOPISTA FLORIDA BUCARAMANGA,DIAMANTE I
cad55039-9609-470e-bbfa-b837786d01b7, GARCIA ROVIRA,CARRERA,ALFONSO LOPEZ
77480c07-0553-41e3-ad5b-3a4c79aeca3c, PROVENZA,CALLE,DIAMANTE II
359a6c2e-34af-410c-856e-7493511c8f3d, GARCIA ROVIRA,CARRERA,ALFONSO LOPEZ
05523228-52e2-4648-a745-26215cd6416b, PROVENZA,CALLE,PROVENZA
1ed8d59a-091f-444c-bbfe-e449cae2da2f, CABECERA DEL LLANO,CARRERA,NUEVO SOTOMAYOR
1acfcff8-161b-412d-9627-f403a11df610, LA CONCORDIA,AVENIDA LA ROSITA,LA CONCORDIA
112416f2-ef82-4d7f-a823-4d89759ce356, LA CIUDADELA,CALLE,REAL DE MINAS
25abaa4a-e543-4558-8fce-920692c77388, CABECERA DEL LLANO,CALLE,SOTOMAYOR
3cf812a4-1a3c-4273-9932-b9338fc656a5, SAN FRANCISCO,CALLE,CAMPO HERMOSO
495a1d53-3f26-4b03-b797-59bf2f641c8a, SAN FRANCISCO,CARRERA,NORTE BAJO
af9f523f-31f2-471f-a4e8-01f4afb26eda, CABECERA DEL LLANO,CARRERA,PUERTA DEL SOL
5d1d284a-6074-4622-b4a3-c53ed54ffc1f, SUROCCIDENTE,AUTOPISTA GIRÓN,BUCARAMANGA
5f87cf30-1644-4b2c-bfde-5d1117f8a3d3, SAN FRANCISCO,BOULEVAR BOLIVAR,COMUNEROS
e7469470-685e-4aa8-a871-edd9b8817b46, SUROCCIDENTE,AUTOPISTA GIRÓN,AFRICA
c98f8244-a776-450d-a92e-4990be75fba5, PROVENZA,CARRERA,DIAMANTE II
9362a93d-0d06-458f-b568-c4fd1805fe9b, CABECERA DEL LLANO,CARRERA,CABECERA DEL LLANO
22772260-6316-45af-99d2-f7cffd14d4dd, CENTRO,CALLE,CENTRO
06da7f7f-ad48-4f43-8180-5e7b43678360, CENTRO,CARRERA,CENTRO
1924db47-9d9e-4991-a9de-6c576cf87afe, MORRORICO,AUTOPISTA  CUCUTA,ALVAREZ
c3a2a2a5-c9d1-4fb9-b42b-c3cc66893902, CABECERA DEL LLANO,CARRERA,NUEVO SOTOMAYOR
d4a0b4f5-ea58-46e7-aff1-cfe2d28a288e, PROVENZA,AUTOPISTA FLORIDA BUCARAMANGA,DIAMANTE II
f7c11c3b-a6e4-4dcd-bbc6-7bf013d9a1e0, CENTRO,CALLE,CENTRO
13c64bc0-d0eb-4039-ad88-3c31914f0b75, CENTRO,CARRERA,CENTRO
3bf270de-66b4-4470-a774-fc29c7981372, CENTRO,CALLE,CENTRO
99edc2a7-8fa5-4335-9135-b8d9a2f70d41, GARCIA ROVIRA,CALLE 45 VIA CHIMITA,LA ESTRELLA
30abc481-dcf3-4c7b-ba95-cd5b0500288e, PROVENZA,AUTOPISTA FLORIDA BUCARAMANGA,DIAMANTE II
2106a57a-318c-4561-bb7a-dd94ba7c84e8, ORIENTAL,CALLE,LA AURORA
a9245935-6e96-4573-b7ac-6c1a8a3f15b9, CENTRO,CARRERA,CENTRO
5c41b555-9f67-47a4-9025-98290bb813f2, SAN FRANCISCO,CARRERA,CHAPINERO
c7ca2862-85f3-4b19-b928-d7f2d91e861d, MORRORICO,CALLE,MORRORICO
322680f3-7ae6-4070-ac89-2483f81bc9f0, CABECERA DEL LLANO,CARRERA,SOTOMAYOR
da1aba55-303b-40fa-a261-c3b2398001f6, SUR,CALLE,EL ROCIO
44f30a2e-afd1-4d4b-b0bd-3d11cff0c738, LA CONCORDIA,DIAGONAL 15,LA CEIBA
dc0bf1e3-b213-4c4b-83a1-1cd0abbd7e4a, CABECERA DEL LLANO,CARRERA,NUEVO SOTOMAYOR
1ca32a73-20a6-4f20-907f-05d8abcc9d2e, ORIENTAL,CARRERA,LA AURORA
b08bd7dc-54be-4b5a-9102-ddc410c92499, PROVENZA,AUTOPISTA FLORIDA BUCARAMANGA,DIAMANTE II
5362ba63-5b75-44fb-89b5-69d95ac105b4, ORIENTAL,CALLE,ANTONIA SANTOS CENTRO
6a254ea5-ddd5-436f-8ca5-c96f93d18f3a, LA PEDREGOSA,CARRERA,ANTONIA SANTOS SUR
fa9c2c6a-d1f7-46ec-97f1-f1f5c8186452, OCCIDENTAL,ANILLO VIAL,RIO DE ORO I
f5245072-b65b-476f-9878-b2d913c130e9, GARCIA ROVIRA,CALLE,LA ESTRELLA
806c697e-03e6-455a-a43d-ffaad783b825, LA CIUDADELA,CALLE,REAL DE MINAS
569ce3c7-d5ce-4463-8248-c73a4dc1ce17, CABECERA DEL LLANO,DIAGONAL 15,PUERTA DEL SOL
54dc5c85-ed06-45af-a17a-8858ed7112a3, LA CONCORDIA,CARRERA,LA CONCORDIA
1dc1654e-a0ca-4202-a29e-8abefc6880eb, CENTRO,AVENIDA Q SECA,CENTRO
a33335c9-8473-4942-87a2-7b50e52235de, LA CONCORDIA,CALLE,RICAURTE
746eba17-7843-4cbb-ba43-878824086804, CENTRO,CALLE,CENTRO
ef3a1de5-3f8f-4e14-b36d-f6f47f9ff98a, LA CIUDADELA,AVENIDA BUCAROS,REAL DE MINAS
b2c4e068-1ba0-4cb5-be48-9cf6df857d37, LA PEDREGOSA,CARRERA,LA PEDREGOSA
29fd4dbf-967b-465c-b71f-7a4c938529f0, GARCIA ROVIRA,CALLE,CAMPO HERMOSO
eba99f65-e2f4-4518-8401-65b7e57c332d, SUR,CALLE,EL ROCIO
752ca2ce-dfc9-4ad1-8a42-a13a07fc254e, SUR,CARRERA,EL ROCIO
724fddf3-a993-4571-8f31-c137fd347b9e, CENTRO,CALLE,CENTRO
60478d9c-4cc0-4fab-9800-80a860772c95, OCCIDENTAL,CALLE,GIRARDOT
c31dfdb3-895f-44c1-b753-cf8d2df1100b, SAN FRANCISCO,CARRERA,ALARCON
97e51529-7d33-410e-ae0e-f0a4263cb76d, PROVENZA,AUTOPISTA FLORIDA BUCARAMANGA,DIAMANTE II
4c227739-33bf-4b53-ac82-1390c34dd301, SAN FRANCISCO,CARRERA,SAN FRANCISCO
4b725cf6-dc5a-4663-81d7-2d122f1fd8fc, LAGOS DEL CACIQUE,TRANSVERSAL ORIENTAL,LAGOS DEL CACIQUE
1528d7d5-31f3-406f-a490-4c3046fbfed4, ORIENTAL,CARRERA,ANTONIA SANTOS CENTRO
0efe2d74-1ff1-4ada-8914-c7fb3fa34682, SUROCCIDENTE,AUTOPISTA GIRÓN,PREDIO URBANO PUENTE EL BUENO
afa65cdd-7116-4b41-b779-65e46c474da7, ORIENTAL,CALLE,ALVAREZ
7617a4f7-2b64-4685-abb6-8683e93a6038, LA CONCORDIA,DIAGONAL 15,RICAURTE
d4cde65e-0ebd-4518-8e8c-7a921b3624f1, ORIENTAL,CARRERA,ALVAREZ
228007c7-28e9-48ae-897f-900c8d0c12d0, ORIENTAL,CALLE,SAN ALONSO
d32d8bd8-a3c4-4173-ae3f-a9de7d3f6495, CABECERA DEL LLANO,CARRERA,SOTOMAYOR
2039ce4f-ed49-4a39-92a2-2d6d89a36dc8, LA PEDREGOSA,AUTOPISTA FLORIDA BUCARAMANGA,ANTONIA SANTOS SUR
e2b717df-0520-4467-8ee1-59d0aa41a2de, LA CONCORDIA,CARRERA,LA CONCORDIA
6e901668-57e0-41bd-b5b9-2faf3add0f7d, GARCIA ROVIRA,CARRERA,ALFONSO LOPEZ
045e335a-b504-4e90-9041-586a89774cc5, SAN FRANCISCO,BOULEVAR BOLIVAR,SAN FRANCISCO
1ad8806e-ab4a-4a75-8964-4c6fbe7c5735, SAN FRANCISCO,BOULEVAR BOLIVAR,COMUNEROS
cc6df4bf-090e-4fc3-825f-cc9e561cf866, PROVENZA,CALLE,PROVENZA
15adcc92-fb24-450a-a504-88064a83b6c1, LAGOS DEL CACIQUE,AUTOPISTA GIRÓN,LAGOS DEL CACIQUE
ce6aa0a6-13af-4b0b-bbd5-13fd06eade74, SUR,CALLE,EL ROCIO
32d3dd75-fb53-44ca-ac44-11c739b3effa, CABECERA DEL LLANO,CALLE,NUEVO SOTOMAYOR
1930f85a-835c-45da-b5ae-5f66b91d0ab8, CABECERA DEL LLANO,CARRERA,CABECERA DEL LLANO
c67afe52-d576-4146-81e2-73856c04cd36, SAN FRANCISCO,CALLE,MODELO
a57d3674-46c9-4b84-89d2-3955b62ed45e, LA CONCORDIA,DIAGONAL 15,RICAURTE
12235cf3-3a86-450b-9bad-5ec33def3965, LA CONCORDIA,CARRERA,RICAURTE
90ab6050-d644-4ae6-ab82-78abd4b40dbc, LA PEDREGOSA,DIAGONAL,ASTURIAS
b51e899a-c22a-4b54-bed9-1820dfef3122, SUROCCIDENTE,AUTOPISTA GIRÓN,BUCARAMANGA
2d958900-7c8c-42fa-8c12-324c8df684c6, SUR,CALLE,EL ROCIO
570579f4-3b45-49ed-a62f-7ae4692e71ea, SUROCCIDENTE,AUTOPISTA GIRÓN,BUCARAMANGA
bdb00e1f-5725-45b1-a504-b5945c061fdd, PROVENZA,CARRERA,DIAMANTE II
3735a049-2f13-4a94-8fb2-a5b9d436b239, LA PEDREGOSA,AUTOPISTA FLORIDA BUCARAMANGA,ANTONIA SANTOS SUR
732d31cc-3850-4484-afa5-d907ace2c54d, SAN FRANCISCO,CARRERA,SAN FRANCISCO
e917f7c8-7671-4729-82df-92774eccc55a, CABECERA DEL LLANO,CALLE,BOLARQUI
83e23109-30e9-4f5c-b48b-a81c5588accf, SAN FRANCISCO,CARRERA,ALARCON
a525c06c-d277-478d-a6a0-f93f65338ec8, LAGOS DEL CACIQUE,TRANSVERSAL ORIENTAL,EL TEJAR
8456fb42-10a0-46f4-881c-84eb8ba6458e,SIN INFORMACION,AUTOPISTA GIRÓN,SIN INFORMACION
60819742-3b2d-4536-a63e-a1ea86b8c4ff, CABECERA DEL LLANO,CALLE,CABECERA DEL LLANO
5a930cab-bda5-479b-8221-dc6f72cfcf31, SUROCCIDENTE,TRANSVERSAL METROPOLITANA,PREDIO URBANO PUENTE EL BUENO
227b21a3-933d-4a35-8cf9-cc3c1e599d9a, LA CONCORDIA,CALLE,RICAURTE
43149706-8b06-4555-93b5-105cbbd594e1, SAN FRANCISCO,CALLE,UNIVERSIDAD
da7495e9-938a-405f-8693-de02651bef4a, GARCIA ROVIRA,CALLE 45 VIA CHIMITA,LA ESTRELLA
3c0deb5c-bfc8-404a-ae2d-349446a6d32a, LA CONCORDIA,AVENIDA LA ROSITA,LA CONCORDIA
eca5b278-dac0-4277-b051-df9b688ac4eb, CENTRO,CALLE,CENTRO
be2da104-dc8b-49e0-a90f-b97b80c43d17, CABECERA DEL LLANO,CALLE,SOTOMAYOR
2c72bb70-39ec-4aad-b912-fee910a0dd62, ORIENTAL,CARRERA,ALVAREZ
734de6c2-e7f6-4e7a-b44a-90857c650e9f, GARCIA ROVIRA,CALLE,CAMPO HERMOSO
a18f2f5d-abb0-4ce6-a141-bcb1ddf6a9fa, GARCIA ROVIRA,CALLE,CAMPO HERMOSO
a545c1ff-d221-4f2f-bdc8-f61b6e687e7e, SAN FRANCISCO,CARRERA,SAN RAFAEL
b9f4472f-d510-4bd0-94a0-49f81902bf99, CABECERA DEL LLANO,CARRERA,CABECERA DEL LLANO
a0a6d63f-98b0-4bb1-9d84-098d3de981a8, CENTRO,CARRERA,CENTRO
2c887ac4-851e-4db6-a774-404e15631b8e, SUROCCIDENTE,AUTOPISTA GIRÓN,PREDIO URBANO PUENTE EL BUENO
0b8553d6-7cc0-4920-be4c-7facd2b1e58f, SAN FRANCISCO,CARRERA,ALARCON
ba1dbe58-77b2-4e87-98e3-f8397f2cb294, CENTRO,CALLE,CENTRO
79f0fade-04d9-414b-b4ac-ce8160b3b56d, LA CONCORDIA,DIAGONAL 15,RICAURTE
f4fb1299-ac30-4b29-8653-d75c526962f0, CENTRO,CARRERA,GARCIA ROVIRA
8930a53f-50f3-463b-be1f-6ca1a4fe80c8, NORTE,CARRERA,CAFE MADRID
66694ee9-5803-4cf9-a5bc-a1512413b699, CENTRO,CARRERA,GARCIA ROVIRA
97005291-ee86-46c6-95f8-aafc4ac2fb65, OCCIDENTAL,CARRERA,GAITAN
550886e6-47c7-4902-9a42-7b2ab626967e, SUR,TRANSVERSAL METROPOLITANA,EL ROCIO
ffd0cbf0-1e87-40b4-b480-ac1cb46a7c78, PROVENZA,CALLE,PROVENZA
5920c679-268c-4f9d-acd8-3351ec515c40, CABECERA DEL LLANO,CARRERA,BOLARQUI
7c791642-3cb9-426e-9995-ecae4602a661, PROVENZA,AUTOPISTA FLORIDA BUCARAMANGA,DIAMANTE II
a8219475-3b2a-48ce-af79-55a16dced2fe, CABECERA DEL LLANO,CARRERA,CABECERA DEL LLANO
e44ca3f4-ba42-4161-81c2-329bc9e49513, LA CONCORDIA,CALLE,SAN MIGUEL
e9eea0ac-8199-4dcf-be1e-8ac7f4359f84, PROVENZA,CARRERA,DIAMANTE II
788ca0e2-948a-4652-8ec6-d9547bb940ef, CENTRO,CALLE,CENTRO
c21b48a7-b5af-45a2-a722-fd84aee20e0f, OCCIDENTAL,CALLE,GIRARDOT
73be132f-e703-4a53-955c-8e93464c3f97, CENTRO,CALLE,CENTRO
bcb2be2f-b9a2-4731-a207-e88cd8958d6b, OCCIDENTAL,AUTOPISTA  NORTE,RIO DE ORO I
3e1e2731-614e-40be-9b18-50e88ad998ee, NORTE,CARRERA,KENNEDY
9d7512e9-a4f7-4f5b-8adc-870b424d63ce, CABECERA DEL LLANO,CARRERA,CABECERA DEL LLANO
6a6bfcf7-e48b-468e-86bd-132c03d07ae6, CENTRO,CARRERA,CENTRO
b24d8251-50eb-477f-904a-4bfb4ba0dfc9, LA CONCORDIA,CALLE,RICAURTE
1a707d5a-2d60-41c5-a9ad-2d2d353e5caa, LA CONCORDIA,CALLE,RICAURTE
457d2cb8-e327-4ffb-bbad-d49698755a8e,SIN INFORMACION,AUTOPISTA FLORIDA BUCARAMANGA,SIN INFORMACION
461b713d-cb42-4755-9ff0-46573edf7571, LA PEDREGOSA,CALLE,ASTURIAS
3e596e9b-0b0a-49a8-a3a7-50b07a7e488e, LA CONCORDIA,DIAGONAL 15,LA CONCORDIA
6be94d74-40d9-4937-a2b9-4875b7af0542, SAN FRANCISCO,CALLE,SAN FRANCISCO
2ed32dce-eac3-42ff-9317-225b658c9a76, OCCIDENTAL,ANILLO VIAL,RIO DE ORO I
8997fe5c-57e3-4a02-9a1c-dd46e4c215ce, ORIENTAL,BOULEVAR BOLIVAR,ANTONIA SANTOS CENTRO
c0e4bce8-02c7-4544-b28f-4086e51f5daa, PROVENZA,CALLE,PROVENZA
77de2934-fc61-47dd-829a-f1dab5816344, ORIENTAL,CALLE,LA AURORA
b2238523-9578-48c3-a72e-cb4374955cc4, CABECERA DEL LLANO,CARRERA,SOTOMAYOR
d8a55689-6ee7-4ab6-9ddb-1bbcd38058b4, CENTRO,CARRERA,CENTRO
d0d7caf3-89cc-47d9-9b6f-cd49d54dbc99, OCCIDENTAL,AUTOPISTA GIRÓN,RIO DE ORO I
bf608f9b-d50f-4187-953c-26c62da73f6e, ORIENTAL,CARRERA,LA AURORA
9b8347cf-0de9-4e91-9157-48ff0fb98b55, CENTRO,CALLE,CENTRO
5d34a1db-5585-48bc-b802-80f796eb6686, OCCIDENTAL,AUTOPISTA GIRÓN,RIO DE ORO I
eddb79ae-f826-4c79-b67b-2b43af73a544, SAN FRANCISCO,CARRERA,SAN FRANCISCO
dfbf39f5-a6b7-49f0-befa-d4b7e24ad0d0, LA CONCORDIA,CARRERA,RICAURTE
258006a6-c878-4ebe-9420-b5e1c00ef04f,SIN INFORMACION,AVENIDA  GONZALEZ VALENCIA,SIN INFORMACION
a85eb7ca-c95c-431d-9710-07d3e15c456a, CABECERA DEL LLANO,CALLE,PUERTA DEL SOL
d39a167b-b393-4419-a9f7-381b127f3679, SUROCCIDENTE,CARRERA,CANELOS
4408cfe6-3623-4b3a-ace4-71bae85f880c, MUTIS,CALLE,MUTIS
d8f6957a-53bb-41f3-9e46-d4a7946f7ca6, CABECERA DEL LLANO,CARRERA,NUEVO SOTOMAYOR
c399a933-d928-444d-8969-d276f93b0e36, ORIENTAL,CARRERA,SAN ALONSO
779dda55-79fb-4442-bf05-9d969a0a8fcb, CABECERA DEL LLANO,CALLE,CABECERA DEL LLANO
f4f6c662-921e-447f-a45a-48800fa9114e, LA CONCORDIA,CARRERA,LA CEIBA
a59d9646-2739-46fb-ac97-9896d1382b6f, NORTE,CARRERA,KENNEDY
bfa41ef5-8e2f-4131-bd57-ec4d97455ca6, SAN FRANCISCO,CARRERA,UNIVERSIDAD
a4f87c5e-1d6e-4f8e-9076-9972f370a290, CABECERA DEL LLANO,CARRERA,CABECERA DEL LLANO
80785b7a-6953-4d1c-850e-aa26ad122213, LA CONCORDIA,CALLE,LA CONCORDIA
96d8bb1e-3083-405b-8d80-386c3fa671ec, CABECERA DEL LLANO,CARRERA,BOLARQUI
02935b32-3ab7-473b-a5f0-27aa1bbde2a6, SAN FRANCISCO,CARRERA,SAN FRANCISCO
41873bd1-368e-402d-946f-89c03141172e, LA CONCORDIA,DIAGONAL 15,RICAURTE
a6db526c-edba-4e0c-ad58-75f3998c5c0e, PROVENZA,CALLE,DIAMANTE II
cfb984f1-676b-4ff9-8075-a15c65d3d6f5, MUTIS,CALLE,MUTIS
f8cb0ca7-40dc-4d7b-9187-f0cf6c6881c2, GARCIA ROVIRA,CARRERA,ALFONSO LOPEZ
12fc3b2e-deac-43e5-b1b0-c33268f8ddbf, CABECERA DEL LLANO,CALLE,CONUCOS
ffab1353-8287-4f36-86d4-3b0b1fb59217, CABECERA DEL LLANO,CALLE,NUEVO SOTOMAYOR
2172c165-a8aa-47b4-a10a-9576b316e4ee, CABECERA DEL LLANO,CARRERA,CABECERA DEL LLANO
e04e7652-44bc-4c99-b24d-0ee5949eb5d6, ORIENTAL,CARRERA,EL PRADO
08b5a65f-9392-4b8f-a624-2480a7d8a073, OCCIDENTAL,AUTOPISTA GIRÓN,RIO DE ORO I
9bb81bb1-b5f5-4ded-8a26-c11a0862c25a, CABECERA DEL LLANO,CARRERA,NUEVO SOTOMAYOR
2e01f4a8-981f-4845-bc25-4d7f61fbf289, LA PEDREGOSA,AUTOPISTA FLORIDA BUCARAMANGA,DIAMANTE I
4694fae7-2327-4758-92d6-70183adec751, OCCIDENTAL,AUTOPISTA GIRÓN,RIO DE ORO I
c787379b-ccdf-4a58-98ac-e024b0ea85e6, CABECERA DEL LLANO,CARRERA,CABECERA DEL LLANO
3c3e86fa-ef3b-468f-9ffd-f6c90fa94be4, LA CONCORDIA,CALLE,LA VICTORIA
a99a5e56-4006-46cb-afdc-2f7085fb5f3f, PROVENZA,AUTOPISTA FLORIDA BUCARAMANGA,DIAMANTE II
f1ead6a0-9c10-484d-b769-6b9cfae76bec, ORIENTAL,CARRERA,MEJORAS PUBLICAS
52948fb7-d04d-424e-8b87-9d479963544e, SAN FRANCISCO,CALLE,MODELO
96c5d629-4702-4293-8665-cdceed9adad8, LA PEDREGOSA,CARRERA,LA PEDREGOSA
d30de7a6-4f48-4fb7-aaaf-6f9209042d55, SAN FRANCISCO,CALLE,SAN FRANCISCO
0490df7c-770a-4c59-bd82-8b3fae7c53df, SAN FRANCISCO,CARRERA,CHAPINERO
5e879d09-4415-412e-bd4e-149af3f6de03, OCCIDENTAL,TRANSVERSAL METROPOLITANA,RIO DE ORO I
b3875040-fae7-4853-8fd4-36c3a1e93b63, OCCIDENTAL,TRANSVERSAL METROPOLITANA,RIO DE ORO I
139ef396-cce6-4382-99cd-d2f8d92546a0, CABECERA DEL LLANO,CALLE,TERRAZAS
da728f16-c8a0-487c-bfe7-db1b714fc512, CABECERA DEL LLANO,CARRERA,SOTOMAYOR
5f430b4a-a969-46c7-b0b5-81b992dc9b3a, LA CONCORDIA,CARRERA,RICAURTE
ab48736b-b739-4e35-a7e4-2739b4330ad4, CENTRO,AVENIDA Q SECA,CENTRO
f056f680-2aa9-412f-8a9d-68c223a0d697, LAGOS DEL CACIQUE,CALLE,EL TEJAR
785ab4c5-15c3-4221-8ef2-f9b1f19a0029, CENTRO,CARRERA,CENTRO
6ab638ee-b0eb-484c-9ac0-d96a3efb9322, ORIENTAL,CARRERA,EL PRADO
d3197b9e-7cca-4dd2-a552-8b9db62d4b96, GARCIA ROVIRA,CALLE,CHORRERAS DE DON JUAN
4e97f50a-b002-4f38-90bc-de7a7ecaa69e, SAN FRANCISCO,CALLE,SAN FRANCISCO
df31ff7f-b575-44e5-8048-a6535a731139, LA CIUDADELA,CARRERA,REAL DE MINAS
565c319c-5524-4a5e-a697-df1dcc173458, CABECERA DEL LLANO,TRANSVERSAL ORIENTAL,CABECERA DEL LLANO
6529cd34-5b23-4f83-b9e7-b72782e6a0be, OCCIDENTAL,CARRERA,GAITAN
96d741c3-e843-4af6-ae61-866e63d37bd4, SAN FRANCISCO,CARRERA,COMUNEROS
594f77bd-4d4b-4178-84e2-1a14b45bc089, LA CONCORDIA,CARRERA,LA CEIBA
9b5ba1f5-29c1-40ef-a47f-2a38b7476803, SAN FRANCISCO,CARRERA,COMUNEROS
d1d2eb8c-44b7-457d-88d6-361e3a15bf06, SAN FRANCISCO,CALLE,ALARCON
d79f1312-4e7c-467a-9dd0-3941aa020a6c, LA CIUDADELA,AVENIDA BUCAROS,REAL DE MINAS
c3d7e9fc-b234-4418-b9c8-95777162f7c0, CABECERA DEL LLANO,CARRERA,CABECERA DEL LLANO
e3b16fdd-3a3e-4a77-81c6-16beed521416, NORTE,CARRERA,COLSEGUROS NORTE
cce69266-a098-4e1d-9aab-6d1b9246324a, SUR,CARRERA,TOLEDO PLATA
7d2800d0-c754-43b0-b4af-33de58b8d5bf, SAN FRANCISCO,CARRERA,ALARCON
c5d94c19-e7f7-43da-b84e-a6faa87e5f6d, CENTRO,CALLE,CENTRO
8fc75097-f94e-4b47-867e-5c0c01c82702, SUR,AUTOPISTA FLORIDA BUCARAMANGA,ROBLES
cb23a941-a331-45df-91e0-d2ddf94c70c5, NORTE,CARRERA,KENNEDY
2acd9dc8-2fbc-444f-a3e8-c67bc8b15812, LA PEDREGOSA,CARRERA,LA PEDREGOSA
c48c555d-74b6-4233-9083-36cb76a536bb, CENTRO,CALLE,CENTRO
ce533834-46a4-4a3b-8a01-d0d0c681a585, OCCIDENTAL,CARRERA,GAITAN
dd8fbd09-e880-41ac-99af-5c179da5e161, OCCIDENTAL,CARRERA,GAITAN
eb1750f7-1b51-4db0-b82d-79caf58909b6, SAN FRANCISCO,CARRERA,SAN FRANCISCO
065c831a-20a3-403d-9d26-62ad31f9855f, PROVENZA,AUTOPISTA FLORIDA BUCARAMANGA,DIAMANTE II
051e8337-9028-4cff-9228-24eb4540bb94, LAGOS DEL CACIQUE,TRANSVERSAL ORIENTAL,EL TEJAR
bd7f3968-68ae-4ec6-8d1c-601778d9f34c, CENTRO,DIAGONAL 15,CENTRO
9a32c704-2eb9-45fe-90cd-bc6b17845acf, LA CONCORDIA,CALLE,RICAURTE
1cb94318-91ac-4110-a034-1f7ab415d134, SUROCCIDENTE,AUTOPISTA GIRÓN,BUCARAMANGA
e918e987-d462-4edd-8531-0b9bbd7604e1, CENTRO,CARRERA,CENTRO
a9717cdf-9ba6-423c-9344-65c5bb3686d4, LA CONCORDIA,CALLE,LA CEIBA
add19e36-e865-4fa4-9462-e9a69e912b89, LA CIUDADELA,AVENIDA SAMANES,REAL DE MINAS
52c557ec-acef-476b-be5b-cdfb09c547d6, CABECERA DEL LLANO,CARRERA,CONUCOS
378e47b4-fab9-48c0-8243-38773e8f2f62,SIN INFORMACION,CARRERA,SIN INFORMACION
1cc208b2-e8a8-4c90-b5a8-dea5e1e5f47d, CABECERA DEL LLANO,CARRERA,CABECERA DEL LLANO
07fd47af-5d45-4fa0-b3af-2297f6a95911, SAN FRANCISCO,BOULEVAR SANTANDER,SAN FRANCISCO
0383c482-a2a1-4116-ab6b-5cbfd66e1411, OCCIDENTAL,TRANSVERSAL METROPOLITANA,RIO DE ORO I
48391033-3274-4ed8-98e9-20c35de8ff0e, CENTRO,AVENIDA Q SECA,CENTRO
3a422ba2-289a-40ab-b784-80c846a65339, LA PEDREGOSA,CARRERA,LA PEDREGOSA
ed19475f-8954-4936-9554-8f8f2a56947c, CABECERA DEL LLANO,CARRERA,PUERTA DEL SOL
8239b6dd-610c-4b47-a9bb-4e6f88a7dfcc, CENTRO,CARRERA,CENTRO
d6fbf635-e72f-461c-b632-07ef90c55ff1, SAN FRANCISCO,CALLE,COMUNEROS
ae009910-4714-408e-877c-e074d81e15a5, SAN FRANCISCO,CARRERA,COMUNEROS
3b0b525a-495e-4b1a-b565-04b50a6b0773, LA CONCORDIA,CALLE,RICAURTE
6ef11d5a-e127-49a5-8300-ea9c287d7402, SAN FRANCISCO,CARRERA,SAN FRANCISCO
60041320-f85e-48f9-a858-47f11417d53e, CENTRO,AVENIDA Q SECA,CENTRO
f4f9be30-88ce-4906-9c60-55b159312547, PROVENZA,CALLE,PROVENZA
c79003f9-dae8-475a-976f-75a6d2aa9d0e, SUR,CALLE,EL PORVENIR
79b69964-fbc4-4364-8d0a-397ff7651041, SAN FRANCISCO,CARRERA,SAN FRANCISCO
02d66c08-72eb-4df9-a4b9-886ed2d22f27, MORRORICO,AUTOPISTA  CUCUTA,MORRORICO
545d9018-02a8-4155-8819-f1f38ccca43c, GARCIA ROVIRA,CALLE,CAMPO HERMOSO
ce766d1c-7eda-4135-a43e-f2629c1c4ce4,SIN INFORMACION,AVENIDA Q SECA,SIN INFORMACION
8e6bcb97-d73b-4533-bd90-c24a8a5dedf3, NORTE,CARRERA,KENNEDY
522522ac-5556-41cc-9ad8-c4211685c90d, SUROCCIDENTE,CARRERA,SAN GERARDO II
d1acff0b-0002-462a-a205-e43dcd48f57a, CENTRO,CARRERA,CENTRO
c4765a8f-e19e-40a6-a18e-faa1910f396f, CABECERA DEL LLANO,CARRERA,CONUCOS
00cb6c1b-fcf9-43dc-90ce-8eaacf9d8669, LA CONCORDIA,CALLE,RICAURTE
eb4cff8e-c8ce-4d17-8bd2-6e1476a06d9e, LA CONCORDIA,CALLE,RICAURTE
bc576729-2245-4226-83cd-ee5d22e4d036, SAN FRANCISCO,CALLE,COMUNEROS
061c3333-826c-4948-bc95-1d11640983da, MORRORICO,CARRERA,ALBANIA
7ef9f7b1-4ea2-47c4-b884-3c7e78a5f57e, CENTRO,CALLE,GARCIA ROVIRA
e51972ad-2e37-4abb-9b8a-178b2cb806cd, CENTRO,CARRERA,CENTRO
c7c06321-2c82-45f1-9b02-8357ef5c8185, CABECERA DEL LLANO,CARRERA,CABECERA DEL LLANO
d7f35d3a-1dda-4806-9f8b-cca83a12ac26, CENTRO,CARRERA,CENTRO
c6fd2a09-34c6-4f6e-981d-2c0de1705220, PROVENZA,AUTOPISTA FLORIDA BUCARAMANGA,PROVENZA
e8ba5462-7049-4fb4-a812-19d4c5457c23, CENTRO,CARRERA,CENTRO
162ae182-d382-436f-b23d-9952eaba4310, SAN FRANCISCO,CALLE,SAN FRANCISCO
41e6fa17-527b-4fb9-8af9-16b310053c60, ORIENTAL,CARRERA,SAN ALONSO
e6b3eb8d-c212-4704-b8d5-399787c0c8b0, SAN FRANCISCO,CARRERA,COMUNEROS
3c0b97f5-0a4b-4db1-aed1-e7c18f79f6f3, PROVENZA,DIAGONAL,PROVENZA
23bfe6e3-f1c8-4869-944a-4ab597d81965, CENTRO,CARRERA,GARCIA ROVIRA
0a24afce-1416-4eee-9fec-216de2e29cea, ORIENTAL,CARRERA,SAN ALONSO
c331d1e5-4a7f-4cee-aea6-06032a027ca3, OCCIDENTAL,AUTOPISTA GIRÓN,RIO DE ORO I
d274d4ab-6f7d-4013-ada2-e34ceccaad5f, CABECERA DEL LLANO,CALLE,SOTOMAYOR
aca6c900-afdc-44b5-b258-bd301db0fb33, PROVENZA,CALLE,PROVENZA
ce68c7bb-7dde-4485-a5f3-964b80322fc2, CENTRO,CARRERA,CENTRO
b243c451-76eb-4acd-8e2d-bed2cda9e0d6, SAN FRANCISCO,AVENIDA Q SECA,ALARCON
bf63d49a-4572-47fc-bfab-38f274b031c7, LA PEDREGOSA,AUTOPISTA FLORIDA BUCARAMANGA,DIAMANTE I
6d424c0b-c12e-45ef-8ecf-f41295355296, ORIENTAL,CALLE,EL PRADO
dafe99a1-eb62-41d4-8d9d-e5dd363ca280, OCCIDENTAL,AUTOPISTA GIRÓN,RIO DE ORO I
96fad446-9b82-44d7-8651-836e4bb6d956, MUTIS,CALLE,MANZANARES
9aba28c4-1b11-4622-9a8f-5244a35ddf65, SAN FRANCISCO,CALLE,SAN FRANCISCO
ddfe579d-66d5-4461-9a90-e4cbac5639a9, LA CONCORDIA,CALLE,RICAURTE
543c5dd4-0a63-435e-b5d4-af59b41d0118, ORIENTAL,CARRERA,ANTONIA SANTOS CENTRO
dc79716c-02d2-4087-98e3-1b55fa4262bc, MUTIS,CALLE,MUTIS
c9515d85-6b7a-4d5b-9b61-b7aee660f09f, CENTRO,CARRERA,CENTRO
a83096ec-67ff-42d5-9ebc-9535212a67f2, ORIENTAL,CARRERA,SAN ALONSO
5b3af3ae-f315-4000-aabc-d2b96834b2a1, SAN FRANCISCO,CALLE,SAN FRANCISCO
678becc9-d7cd-4187-909b-48bc32031222, CABECERA DEL LLANO,CARRERA,CABECERA DEL LLANO
ab5df515-77b5-49e6-9690-244673b9f622, OCCIDENTAL,CARRERA,RIO DE ORO I
f397759f-865e-44fc-8921-a27701cfb906, CENTRO,CALLE,CENTRO
0c2c0a22-8582-4d48-9f12-14dd8851926f, SAN FRANCISCO,CALLE,ALARCON
0753deef-f78a-4ba4-8ee6-fe9c253bc59e, ORIENTAL,CALLE,MEJORAS PUBLICAS
5cdd2dbd-9916-4b08-a83a-a8d4b083541b, SUROCCIDENTE,AUTOPISTA GIRÓN,JUAN XXIII
ff4e8ab6-3bbc-4d45-bc00-896a69549369, CABECERA DEL LLANO,CALLE,PUERTA DEL SOL
3c09f089-dc39-4f3e-b6c2-2f3128cf8719, SAN FRANCISCO,CARRERA,COMUNEROS
eca98e08-6d06-4cc3-9be9-67f9eb042ea5, CABECERA DEL LLANO,CARRERA,PUERTA DEL SOL
2033fc26-a770-4a2c-859b-9ef196a2d55d, GARCIA ROVIRA,CARRERA,ALFONSO LOPEZ
25e1c06f-54c9-47ba-9415-ace58fc6ec7b, LA CONCORDIA,CALLE,RICAURTE
6171e6ee-841d-4065-ac1a-0eb8ad9d4daa, LA CONCORDIA,DIAGONAL 15,RICAURTE
30d6ce0d-bfda-427b-bfbd-4f95da319143, OCCIDENTAL,TRANSVERSAL METROPOLITANA,RIO DE ORO I
9e9a7f94-1d4f-4457-abc8-caf098bd5360, ORIENTAL,CARRERA,LOS PINOS
ec5c6186-0cd4-42e0-ae8d-179b31356ec3, SAN FRANCISCO,CARRERA,ALARCON
9b4ea3d2-ecf1-4e4f-b259-fb2e727bb04c, LA CONCORDIA,CALLE,LA VICTORIA
cc6edf8f-7a40-4cb4-a22f-bcd3530ee485, OCCIDENTAL,ANILLO VIAL,RIO DE ORO I
69912333-8278-417e-af31-2ac9cd90be52,SIN INFORMACION,CALLE,SIN INFORMACION
678b0b66-d1f1-4450-b592-ca3036914d9f,SIN INFORMACION,CALLE,SIN INFORMACION
7e8d8622-c5fe-4151-a4c2-b198559ef2a9, ORIENTAL,CALLE,EL PRADO
1e39f01b-24d5-40ed-a226-81ddc673b795,SIN INFORMACION,AUTOPISTA GIRÓN,SIN INFORMACION
210a7db9-717a-418c-8482-baa96f81fd27, CENTRO,CALLE,CENTRO
08cc0c9e-2ae2-482f-a8af-93bfec4f6cdb, PROVENZA,DIAGONAL,PROVENZA
a3be985b-a089-4197-9855-d7279fafdfcc, LA CONCORDIA,CALLE,RICAURTE
68f52c80-b283-4b83-9cea-d28acb378638, LAGOS DEL CACIQUE,CARRERA,SANTA BARBARA
9c2653ff-1b04-419b-9278-d257866ef983, GARCIA ROVIRA,CALLE,LA JOYA
d56d1074-e317-4259-aec3-f8bcce71485f, CABECERA DEL LLANO,DIAGONAL 15,PUERTA DEL SOL
f7e64f24-05da-4800-937b-3dea4f9149f0, OCCIDENTAL,ANILLO VIAL,RIO DE ORO I
8798dbe5-50c0-40c5-a7e8-acd232c28366, OCCIDENTAL,ANILLO VIAL,RIO DE ORO I
a5a3b6fa-c8f8-4e46-be9c-e5faae6451c3, NORORIENTAL,AUTOPISTA  NORTE,NORTE BAJO
64b099e9-1193-4f62-a617-9de8116183c6, SUROCCIDENTE,CALLE,QUEBRADA LA IGLESIA II
0099db89-0b27-4332-8c92-c306e0f3872d, PROVENZA,CALLE,DIAMANTE II
57419ce7-2919-40d2-9c28-b929093f3288,SIN INFORMACION,AVENIDA,SIN INFORMACION
fbf9d51c-b1d4-4dc8-88ad-4dfa9955687a, MUTIS,CARRERA,MUTIS
1d307379-36b4-46ec-b452-49d614831f28, OCCIDENTAL,AUTOPISTA FLORIDA BUCARAMANGA,RIO DE ORO I
c1bad46a-df86-4d62-ac29-8dfeeff818d0, CENTRO,CARRERA,CENTRO
da7853d9-d55c-4604-b297-2760b2b778e6, CABECERA DEL LLANO,CALLE,BOLARQUI
3c4ae614-a0d2-4711-89cc-132b45797035, CABECERA DEL LLANO,CARRERA,PUERTA DEL SOL
60615cfd-d4a8-44a4-a5a5-df395560c912, SAN FRANCISCO,BOULEVAR SANTANDER,COMUNEROS
a5ca75b5-2f1d-462a-b7ea-75e71d0dc415, CABECERA DEL LLANO,AVENIDA  EL JARDIN,PAN DE AZUCAR
3b6be182-c741-41a6-ad43-554a7c253588, GARCIA ROVIRA,CALLE,ALFONSO LOPEZ
80d9f553-3bc7-4d50-a9f9-068e45f51d7c, LA CONCORDIA,DIAGONAL 15,LA CONCORDIA
219852e5-edb9-47c1-86dc-21bb656d3a71, ORIENTAL,CALLE,LA AURORA
c2633ac4-2417-48e0-9808-21d2e615fa48, CENTRO,CARRERA,GARCIA ROVIRA
8cea4db9-4574-4b05-8a5f-8e20956da54f, CABECERA DEL LLANO,CARRERA,CABECERA DEL LLANO
7f8e03d8-655f-4ec1-8999-98d7baf697b3, MUTIS,CALLE,MUTIS
813fd957-1741-4d2e-92bf-55073d0569f7, CABECERA DEL LLANO,AVENIDA  GONZALEZ VALENCIA,NUEVO SOTOMAYOR
3a4554e1-0d48-4746-8d2b-8630447523e3, CENTRO,CARRERA,CENTRO
533232f5-ce48-4462-96de-4c599d401e5a, ORIENTAL,CARRERA,SAN ALONSO
f7bf0043-9e78-44e2-b03b-65267843abd4, OCCIDENTAL,CALLE,RIO DE ORO I
9fb49930-3b64-4957-9684-d5bb63c02621,SIN INFORMACION,CARRERA,SIN INFORMACION
1e25c9a9-d214-4f54-b7d0-da5da4313d86, ORIENTAL,CARRERA,SAN ALONSO
e1a27e5d-bebb-4704-8641-7c3808b2cefe, CABECERA DEL LLANO,CARRERA,SOTOMAYOR
e73219ef-23cb-4686-9535-083fa4c86ed9,SIN INFORMACION,TRANSVERSAL ORIENTAL,SIN INFORMACION
a08f8426-caca-4d89-9cba-1bf422582349, GARCIA ROVIRA,CALLE,CAMPO HERMOSO
6bda456c-bd5e-45a5-b6de-2e7135d1f94b, LA CONCORDIA,DIAGONAL 15,LA CONCORDIA
6c0cc583-060c-4835-ad0f-bdfe9e714a3d, ORIENTAL,CALLE,LA AURORA
69763951-7a4c-4f15-a3ae-d380d9995b00, SAN FRANCISCO,CARRERA,SAN FRANCISCO
c1ef6f66-1cbb-4cd5-ac24-a87bf368a1d5, CENTRO,CALLE,CENTRO
9fff3871-2860-4e24-b4d9-b7aeb02e0fe5, OCCIDENTAL,AUTOPISTA FLORIDA BUCARAMANGA,RIO DE ORO I
3022ac49-34be-49d5-b855-cbbe6fa5457d, ORIENTAL,CARRERA,ALVAREZ
a2442edd-4925-45bf-b35e-1ced6976dd5e, GARCIA ROVIRA,CALLE 45 VIA CHIMITA,LA ESTRELLA
c8aaa624-ea8e-49a2-bd14-566b64040fa6, SAN FRANCISCO,BOULEVAR BOLIVAR,ALARCON
0fcde98c-6516-47f9-8196-1ef91dfa31f3, SAN FRANCISCO,CALLE,SAN FRANCISCO
35a61954-55fd-4b53-8d25-3f7167a8e5d2, CABECERA DEL LLANO,AUTOPISTA FLORIDA BUCARAMANGA,PUERTA DEL SOL
eb89884e-c12e-4deb-a2c8-7673a89fca88, CABECERA DEL LLANO,AUTOPISTA FLORIDA BUCARAMANGA,PUERTA DEL SOL
b011708f-52c7-41f3-81d2-fd416c16096b, LA CONCORDIA,CALLE,LA CONCORDIA
3cfa7815-8902-4ec0-93b7-aefdffae19aa, ORIENTAL,CALLE,ANTONIA SANTOS CENTRO
61ec0fa4-1f4a-4908-a62e-97e4108a7bd6, MUTIS,CARRERA,MUTIS
699eeb1d-4246-4f74-a2b3-2e6f1c003294, SAN FRANCISCO,BOULEVAR BOLIVAR,SAN FRANCISCO
55772586-ebb5-4489-9f3e-64b002bb9427, CENTRO,CARRERA,CENTRO
f11ac783-3863-4a67-85d1-bf49cc136154, NORTE,AUTOPISTA  NORTE,KENNEDY
e4bcc71e-fde9-4935-86ba-465c5317175e, SAN FRANCISCO,CARRERA,SAN FRANCISCO
93b3e772-67f4-4bdb-bc4e-d8183f80e45a, ORIENTAL,CARRERA,LA AURORA
97dc722b-8ddd-448f-915b-ffb3fde1704c, SAN FRANCISCO,CALLE,ALARCON
4d39617c-9230-402e-a548-303570469a1f, OCCIDENTAL,AUTOPISTA  NORTE,RIO DE ORO I
0e976d79-cfdb-4824-b077-4a430c6de2a6, PROVENZA,AUTOPISTA FLORIDA BUCARAMANGA,PROVENZA
13bd7381-e683-486a-8427-d73eea709639, CABECERA DEL LLANO,CARRERA,CABECERA DEL LLANO
62551686-748a-4ee9-962c-3b28d727be4e, SAN FRANCISCO,CALLE,COMUNEROS
f3b17fac-66c4-44bc-b5cd-a2a94a5292a5, CABECERA DEL LLANO,CARRERA,CABECERA DEL LLANO
a522c9b9-6148-45f8-8800-e40d16bf454e, SAN FRANCISCO,CARRERA,UNIVERSIDAD
3be953e6-0025-4f2d-9013-761591ee2e4e, SUROCCIDENTE,CALLE,SAN GERARDO
b8a76c8c-579f-4623-8b50-fd9c04e0ef29, GARCIA ROVIRA,CALLE,CAMPO HERMOSO
03380d4a-240e-43d2-85b5-14431f878b0f, CENTRO,CALLE,CENTRO
5add9cdc-ffde-46ab-bb27-60dea21677f9, LA PEDREGOSA,DIAGONAL 15,DIAMANTE I
cb68b972-3020-4bd4-bbaf-c95dc7a180dd,SIN INFORMACION,AUTOPISTA FLORIDA BUCARAMANGA,SIN INFORMACION
45ad79ac-b67f-45ed-88bb-9999332131a2, CABECERA DEL LLANO,CALLE,CABECERA DEL LLANO
a8117df5-f83e-4092-9e13-ef33dcd40c7b, LA CONCORDIA,DIAGONAL 15,LA CEIBA
25383f10-8dbe-4bef-b8ce-eb3bb867dfd6, CENTRO,CALLE,CENTRO
31473648-cc37-4c70-a02a-30f3228de082, LA CIUDADELA,CALLE,REAL DE MINAS
1770b57a-b8da-442e-8023-a4d607723820,SIN INFORMACION,CARRERA,SIN INFORMACION
dd778a3b-bf65-48d5-8703-981156377a57, MUTIS,CARRERA,MUTIS
98753ec0-838c-4056-87d9-679f8200466e, OCCIDENTAL,AUTOPISTA GIRÓN,RIO DE ORO I
1e658f66-bd71-4724-be98-de819907fa94, ORIENTAL,CALLE,MEJORAS PUBLICAS
8b37fd31-fdc2-4296-a97a-931eb62eb60d, PROVENZA,CALLE,PROVENZA
92ee2409-d566-4026-aac2-b97c58121064, CENTRO,AVENIDA Q SECA,CENTRO
7011b267-23f5-4e9e-8f5c-f1371c518da2, GARCIA ROVIRA,CARRERA,LA JOYA
d031dbd0-8a2d-4f61-a35f-f833710516ab, CABECERA DEL LLANO,AVENIDA  EL JARDIN,CABECERA DEL LLANO
9a607cb2-0062-427c-a320-39d9752259ed, LA CONCORDIA,CALLE,LA VICTORIA
a876ed1c-cdac-4083-83ef-370ed46ea1e4, ORIENTAL,CARRERA,SAN ALONSO
080fc021-9831-436f-887d-2b5f0ae17211,SIN INFORMACION,CALLE,SIN INFORMACION
8faef33f-4b17-4b0e-bf24-7676a7829600, CABECERA DEL LLANO,CARRERA,SOTOMAYOR
45c29915-0c67-4e84-81f3-5b543b7e9b94, SAN FRANCISCO,CARRERA,SAN FRANCISCO
4f4c7095-a6ee-4708-93e9-c2c08c429418, SAN FRANCISCO,CARRERA,SAN FRANCISCO
ce0364a9-2aca-4abb-9953-243a5e9e9b76,SIN INFORMACION,CARRERA,SIN INFORMACION
af632940-2d1e-4860-aa5e-4b84bbee776a, OCCIDENTAL,VIA CARRASCO,RIO DE ORO I
6906ce35-0a72-4f8f-bfe4-06ec4717ca0b, SAN FRANCISCO,CARRERA,COMUNEROS
5b3b94a1-f517-4602-9744-bdd6382449a2, NORTE,ANILLO VIAL,CAFE MADRID
eb1762d9-2c06-416c-ac6d-ebd84b1e26fd, SUROCCIDENTE,AUTOPISTA GIRÓN,BUCARAMANGA
f4d34f99-d114-47a9-9c58-0212838572fc, CENTRO,AVENIDA Q SECA,CENTRO
908c90c8-ea8f-4f45-a5f9-0aff3bd181ff, CABECERA DEL LLANO,CARRERA,NUEVO SOTOMAYOR
5cc0d3a5-7590-43e9-ac95-26422a9703ad, CABECERA DEL LLANO,CARRERA,NUEVO SOTOMAYOR
29e51380-381b-4289-844b-a68594f5c3a6, CENTRO,AVENIDA Q SECA,CENTRO
71b8e2ec-ae6a-4de6-b946-8b96d1dfe208, PROVENZA,CARRERA,DIAMANTE II
d9ce45b1-5983-41eb-bbe4-9e8d80b6e3e0, OCCIDENTAL,AUTOPISTA GIRÓN,RIO DE ORO I
ca26e594-e66e-4c79-bb52-a5d8b4d77f4f,SIN INFORMACION,TRANSVERSAL ORIENTAL,SIN INFORMACION
87bccefc-0892-4f1d-8785-14daa9bae092, CENTRO,AVENIDA Q SECA,CENTRO
21fda1da-6762-459f-a634-2c541f78e572, LAGOS DEL CACIQUE,CARRERA,EL TEJAR
98d4e1c8-c749-4ca6-9773-a4a8421f2ee1, SAN FRANCISCO,CARRERA,NORTE BAJO
08501a96-73fe-417c-904d-5cd19fb61178, CABECERA DEL LLANO,CALLE,SOTOMAYOR
f34c8b7a-0b7f-456a-858d-d2afb1faa91a, CABECERA DEL LLANO,CARRERA,CABECERA DEL LLANO
e7c643cc-74b6-4ea4-a254-455b44fc89b8, GARCIA ROVIRA,CALLE 45 VIA CHIMITA,LA ESTRELLA
4acff7dc-a18d-4bed-9b59-d2e7ff028311, NORORIENTAL,AUTOPISTA  NORTE,VILLA MERCEDES
dc64cf91-51f0-4db0-a015-2f239cd75652, MORRORICO,AUTOPISTA  CUCUTA,MORRORICO
787d64a0-b096-4e06-babc-eb5de4d33bf0, NORTE,ANILLO VIAL,CAFE MADRID
746c9b4a-afa4-42a2-95f4-cfe2ec79a9a3, SUROCCIDENTE,AUTOPISTA GIRÓN,PREDIO URBANO PUENTE EL BUENO
0d53ece8-9573-4d38-aa0e-75b29a6a66a6, OCCIDENTAL,TRANSVERSAL METROPOLITANA,RIO DE ORO I
5e3c4fef-5982-46c3-8cae-863e3b149407, LA CONCORDIA,AVENIDA LA ROSITA,LA CONCORDIA
fb6f10b9-e2ef-4a18-ac29-056a6dea9f99, CABECERA DEL LLANO,AUTOPISTA FLORIDA BUCARAMANGA,PUERTA DEL SOL
e1065bd8-bc40-4bea-89db-6b44d4d0cf17, LA CONCORDIA,CARRERA,GOMEZ NIÑO
84fa6e38-3962-450b-b14d-375b60fa9aa5, SAN FRANCISCO,AVENIDA LA ROSITA,ALARCON
231666e8-89c9-49da-90ee-8d55a93bb3f7, PROVENZA,AUTOPISTA FLORIDA BUCARAMANGA,PROVENZA
b87ee494-f84a-4fba-8171-6af93f036546, LA CONCORDIA,CALLE,LA CONCORDIA
eea8bc64-033a-405d-a4aa-374cfe423f01, PROVENZA,AUTOPISTA FLORIDA BUCARAMANGA,PROVENZA
bfc7341e-1bbf-44dc-8f31-94d901925461, SAN FRANCISCO,BOULEVAR SANTANDER,SAN FRANCISCO
a8c2accb-5493-497e-9d52-2d3e14c47848, CABECERA DEL LLANO,CARRERA,NUEVO SOTOMAYOR
e3381e32-0039-4eef-8e1b-c453f9d57e10, CENTRO,CARRERA,CENTRO
02fa2ca7-9421-4a9b-b3ca-7fc61b34fa79, LA CIUDADELA,CARRERA,REAL DE MINAS
fe08378c-2290-48a5-8037-72e7fae6afc4, CABECERA DEL LLANO,CARRERA,CABECERA DEL LLANO
d80a1186-e06c-46c4-af35-be9bcc25d328, SAN FRANCISCO,BOULEVAR BOLIVAR,SAN FRANCISCO
d9520692-b2a5-466a-8e6a-a1ca7c8fea4e, SAN FRANCISCO,CARRERA,SAN RAFAEL
1b55afe1-b02f-4efc-8a5b-59332e0957b0, LA PEDREGOSA,AUTOPISTA FLORIDA BUCARAMANGA,DIAMANTE I
6e7cd2c2-c70f-4679-a529-a1a7934807fe, PROVENZA,CALLE,PROVENZA
74d8e1c8-0a09-481c-8ba4-d3fddf307d66, SAN FRANCISCO,CALLE,UNIVERSIDAD
b8dd5c0a-cf05-4dff-ab63-fbb31a2e165b, SAN FRANCISCO,AVENIDA BUCAROS,SAN FRANCISCO
21c3c1f5-9358-4032-82b4-a5656c6cf40a, NORORIENTAL,CALLE,BOSQUE NORTE
3b520400-285e-42a0-8948-102ad7b74419, CENTRO,CALLE,CENTRO
470f4193-f632-4f73-9995-88ad87e791b4, OCCIDENTAL,CALLE,LA FERIA
5da8919f-ec32-49d1-9921-84b034b10b90, PROVENZA,CARRERA,PROVENZA
7096091d-c123-4256-8be2-0e06657bc781, LA CIUDADELA,CARRERA,LA CANTERA-EL CERRO
ace56993-4d04-4e04-986e-c91781497f63, OCCIDENTAL,AUTOPISTA GIRÓN,RIO DE ORO I
49a19ad4-dd1f-4023-895c-a2624907731c, LA CONCORDIA,CARRERA,LA CONCORDIA
5e876dc0-9c04-4db2-a8b6-4bd13a01efdc, SAN FRANCISCO,CALLE,MODELO
40421276-82f1-4251-9305-35a0a80abe3f, CABECERA DEL LLANO,CARRERA,CABECERA DEL LLANO
3f3557c2-ecc8-4a5e-8b11-021034864adb, PROVENZA,CALLE,PROVENZA
b3ae8744-b68f-446d-8d6c-2011fc2140ce, SAN FRANCISCO,CARRERA,SAN RAFAEL
d2110c33-3a9d-449d-be8f-490f2013ec20, CENTRO,AVENIDA Q SECA,CENTRO
efb5f15c-99f7-4435-a0f0-6328f5b26128, SAN FRANCISCO,AVENIDA Q SECA,ALARCON
a908d9d7-8572-4685-97b7-a6b12e630b5e, CENTRO,CARRERA,CENTRO
b4416ce0-e3b4-4958-aa7c-c89b095fe543, SUROCCIDENTE,AUTOPISTA GIRÓN,AFRICA
8c279187-3460-497e-b662-ddc13465a36f, NORTE,ANILLO VIAL,CAFE MADRID
04327037-dedf-4e32-bd95-066dbe9cc9bc,SIN INFORMACION,TRANSVERSAL METROPOLITANA,SIN INFORMACION
7980b649-22e1-4d08-a665-3d489dd421be, ORIENTAL,AVENIDA LA ROSITA,BOLIVAR
3ffe33ec-f2ba-4ba1-b660-d9fd5521d8d2, CENTRO,AVENIDA Q SECA,CENTRO
c0522deb-e20c-4c27-b78b-ca4f9f697d05, OCCIDENTAL,AUTOPISTA GIRÓN,RIO DE ORO I
3234f816-fff1-46cb-a05c-2613bb5d7340, CABECERA DEL LLANO,DIAGONAL,CABECERA DEL LLANO
6809d725-4899-4450-b7b8-18afe04ef72c, ORIENTAL,CARRERA,LA AURORA
5fcab62b-4bfa-4748-97b1-426cd3aa0f64, LA CONCORDIA,CALLE,RICAURTE
bb6119f8-5e6c-4a9f-b6d3-ddd9f77756e8, SUROCCIDENTE,AUTOPISTA GIRÓN,BUCARAMANGA
7bddd12a-2a1c-4814-999a-e8c41bb3e37e, SAN FRANCISCO,CALLE,ALARCON
c0dc634f-20f0-4e46-916f-8363b511665c, SAN FRANCISCO,CALLE,SAN FRANCISCO
5b779809-206b-44e0-bbc8-d20b79e351e0, ORIENTAL,CARRERA,LA AURORA
0f3a6b02-ae3e-464f-a725-8c2b5ad89150, CENTRO,CARRERA,CENTRO
1f82c05e-47eb-4580-a8e7-7feec569a0f6, LA PEDREGOSA,CARRERA,DIAMANTE I
f80b1279-e255-4ab8-9885-34f0425296c0, ORIENTAL,CALLE,ANTONIA SANTOS CENTRO
17100a34-1493-4d9a-97ec-0a024a0cf71e, SUROCCIDENTE,AUTOPISTA GIRÓN,BUCARAMANGA
667b191c-3564-4fe9-b265-d085ea1f9303, CABECERA DEL LLANO,CARRERA,CABECERA DEL LLANO
a3c8f550-7bbb-438f-837e-108721cfeb17, SAN FRANCISCO,CALLE,UNIVERSIDAD
fd34846e-09f4-4a11-a5e9-342d5ad905f6, SUR,CALLE,CIUDAD VENECIA
3d728c87-b4cd-46b1-b277-947f7ae1de7b, SUROCCIDENTE,VIA MATANZA,BUCARAMANGA
8cb7c7ce-ca02-4da0-8d5e-29e35d92049c, LA CONCORDIA,CALLE,LA SALLE
5c571a7e-5e29-4cdc-a44c-d66ba65ec229, OCCIDENTAL,CALLE,GIRARDOT
84cbc27e-976e-48e4-8cb2-b9b8b00b6200, CENTRO,DIAGONAL 15,CENTRO
7c815fc0-20b5-41fd-8d0f-7734e738207b, CABECERA DEL LLANO,CARRERA,ANTIGUO CAMPESTRE
81fd1822-432e-45c3-af84-1d038198aa88, LA CONCORDIA,AVENIDA LA ROSITA,LA CONCORDIA
b1919869-231a-4c76-ba59-b215108bff0c, SUROCCIDENTE,AUTOPISTA GIRÓN,BUCARAMANGA
135d0af9-20c5-4098-9b45-aa4edbd03826, LA CONCORDIA,CARRERA,RICAURTE
c12d16e2-bc34-4991-9b0d-9ddf26773081, CABECERA DEL LLANO,CALLE,CABECERA DEL LLANO
8a7fbd83-37bc-406f-87bf-566a4e6d8735, OCCIDENTAL,AUTOPISTA  NORTE,RIO DE ORO I
00bdd38f-0269-4fe4-9b0f-e2bcc7ace7bf, SAN FRANCISCO,CARRERA,SAN FRANCISCO
ae957b92-bdfc-4b4e-b46c-936f302340d1, SAN FRANCISCO,BOULEVAR BOLIVAR,SAN FRANCISCO
597cf004-8e4c-4cd5-bf70-e864009c5dd3, SAN FRANCISCO,CARRERA,SAN FRANCISCO
47867022-7d7e-4f80-9c7b-6ed8b627b2bc, LAGOS DEL CACIQUE,AUTOPISTA GIRÓN,LAGOS DEL CACIQUE
b307632e-ffc9-4902-b31c-cb3dc70c3c92, OCCIDENTAL,CALLE,GAITAN
9a71f264-e127-4841-9edc-f02a373e6ac9, CENTRO,CALLE,CENTRO
38075a01-63ff-407c-b310-d0a7af4a32c4, ORIENTAL,CARRERA,EL PRADO
65a23b20-8ca6-4269-9963-0c54e9ffe468, LAGOS DEL CACIQUE,TRANSVERSAL ORIENTAL,EL TEJAR
0ec1c88a-706e-45ec-9d8b-49ddbf746010, CABECERA DEL LLANO,CALLE,CABECERA DEL LLANO
3fad844f-8193-4af2-a864-803074fdf109, NORORIENTAL,AUTOPISTA  NORTE,SAN RAFAEL
92cac874-c1ee-472d-b84d-71614614e829, CENTRO,CARRERA,CENTRO
98a9e422-f36f-4400-a919-3971b8db2b2e, CABECERA DEL LLANO,CARRERA,CABECERA DEL LLANO
ce31bb79-63f6-4ed3-a0f0-2d2dee54a4a1, LA PEDREGOSA,AUTOPISTA FLORIDA BUCARAMANGA,ANTONIA SANTOS SUR
6872d058-ea53-4529-adb7-cddba09079fd, CABECERA DEL LLANO,AUTOPISTA FLORIDA BUCARAMANGA,CONUCOS
0d627a08-1d26-4f37-a65d-cd54b3aa304f, PROVENZA,AUTOPISTA FLORIDA BUCARAMANGA,DIAMANTE II
91048714-7656-4bce-901f-93e48954325d, PROVENZA,AUTOPISTA FLORIDA BUCARAMANGA,DIAMANTE II
ec8ca389-faf8-4739-afdb-6d60f4cce58b, PROVENZA,CALLE,DIAMANTE II
b0717e7d-a6de-46f4-ae44-f37727986238, ORIENTAL,CARRERA,ANTONIA SANTOS CENTRO
e12aacd1-d5bf-4ae4-9668-612b26a575cd, SAN FRANCISCO,BOULEVAR BOLIVAR,SAN FRANCISCO
e2618146-dd1e-4982-b97a-6050d8647eae, PROVENZA,CARRERA,PROVENZA
8ccfa709-5b6d-4ddd-afcc-b0fb03fd7bd1, NORTE,CALLE,KENNEDY
040e2533-b054-4dcf-83d6-4c8149729bcd, LA CONCORDIA,CARRERA,RICAURTE
c2e36337-c20b-44fb-a4fb-8ec6ff9490ea, CABECERA DEL LLANO,CARRERA,CONUCOS
5857a9f1-97ad-47f7-92b6-4cda5b22e647, SAN FRANCISCO,CARRERA,SAN RAFAEL
4cfdb5c6-9092-42a3-9dcc-2b3e5dbb1ba6, SAN FRANCISCO,AVENIDA Q SECA,ALARCON
4a9d70dd-67dc-444f-837c-ed1113f3c84f, OCCIDENTAL,CARRERA,LA FERIA
9313cb9f-9f12-475c-aa71-94d2234ff444, SAN FRANCISCO,AVENIDA Q SECA,ALARCON
c3960e37-6acc-4f63-a486-385d76b91ada, LA CIUDADELA,TRANSVERSAL METROPOLITANA,REAL DE MINAS
6e0b0a3c-3adf-4817-abc3-56601a16b3d5, CABECERA DEL LLANO,AUTOPISTA FLORIDA BUCARAMANGA,NUEVO SOTOMAYOR
e05060df-2ed3-4b42-a447-d9dc995a7398, LA CONCORDIA,AUTOPISTA FLORIDA BUCARAMANGA,GOMEZ NIÑO
19f22f70-a20c-47ab-8f4c-fcc98f2b7a85, CENTRO,CARRERA,CENTRO
ecc581ba-d81b-4e88-aaa8-ceaf599b09d3, CABECERA DEL LLANO,CARRERA,CABECERA DEL LLANO
a992014c-df9e-48bb-bda4-b01eb2987e64, GARCIA ROVIRA,CALLE,CAMPO HERMOSO
d75b9310-5ec9-4109-85c5-9e22a1c8f1f0, LA CONCORDIA,CARRERA,SAN MIGUEL
33d6818c-9d41-4b4d-962a-af62c028d8b4, OCCIDENTAL,ANILLO VIAL,RIO DE ORO I
7472e2a7-8fd4-4cfc-8eb2-cb865b0a94ef, PROVENZA,CALLE,PROVENZA
4c368301-e097-4dfd-ae95-99faba05545c, SAN FRANCISCO,CARRERA,MUTUALIDAD
b835b842-2f9c-496f-a1ba-afed659b1659, SAN FRANCISCO,CARRERA,ALARCON
3c60982a-1354-4583-927c-cdfbb237e887, CENTRO,AVENIDA Q SECA,GARCIA ROVIRA
ccd343b1-dcb0-4df3-aec4-7ed1ff3c7cc6, OCCIDENTAL,CALLE,GIRARDOT
61a2287e-e06a-4035-b23f-f2dc2355ed5e, NORORIENTAL,CALLE,VILLA HELENA I
49cdc599-0bbc-44fb-ab21-5a9e041148b8,SIN INFORMACION,AUTOPISTA FLORIDA BUCARAMANGA,SIN INFORMACION
49dd4807-8198-4c09-a42f-03c475c8b6f6, NORTE,ANILLO VIAL,CAFE MADRID
1bb14a5c-bc3e-4c11-b0ff-90ace0c68048, SAN FRANCISCO,AVENIDA Q SECA,ALARCON
a1173ce2-d295-49ac-ba40-5b39ef25777c, CABECERA DEL LLANO,CARRERA,CONUCOS
e0e895d3-0579-4e8a-b5d8-148e866e7ed0, CENTRO,CALLE,CENTRO
b87e108a-70ac-4245-9861-8b89baffcd03, NORORIENTAL,CARRERA,VILLA MERCEDES
bdee6ef9-5b1b-4dd9-95ef-78a9c4d3f58c, CENTRO,CARRERA,CENTRO
0f27c9e6-5f39-4de7-bafb-5dbadcd07988, GARCIA ROVIRA,CALLE,CAMPO HERMOSO
35dce638-9b1d-4235-8b03-48738771b0f4, CENTRO,AUTOPISTA  NORTE,GARCIA ROVIRA
e4077749-97af-4de1-87ad-e1047437e0a9, LA CONCORDIA,CARRERA,LA CEIBA
e0580945-1e12-4a5a-9a08-51a46af90db0, CENTRO,CARRERA,CENTRO
ac483dfd-cc41-4c76-bdba-152baca253fd, CABECERA DEL LLANO,CARRERA,TERRAZAS
fd9f0c71-1997-40ac-8616-f2cd9a40c4bb, SUROCCIDENTE,TRANSVERSAL METROPOLITANA,BUCARAMANGA
fa238f31-3fbc-4596-81c4-1e420331ccfd, SAN FRANCISCO,CARRERA,ALARCON
6b6d3732-5008-4bf2-a54b-1557ad29102c, ORIENTAL,CARRERA,ALVAREZ
71986d27-5c8f-4c98-9057-ad882d971fa4, LAGOS DEL CACIQUE,TRANSVERSAL ORIENTAL,EL TEJAR
50e39d16-d3b1-4234-9c5b-48f597be447a, SAN FRANCISCO,CALLE,SAN FRANCISCO
34dd647a-51bd-4331-b96b-7c95e7468b55, OCCIDENTAL,CALLE,LA FERIA
ce9ab950-46ba-4633-9550-67b457ea3327, SAN FRANCISCO,CALLE,SAN FRANCISCO
00870547-11b7-4ece-b5d4-0f94dee4857b, ORIENTAL,AUTOPISTA FLORIDA BUCARAMANGA,ANTONIA SANTOS CENTRO
16781c10-f838-469e-a2b7-0a56be708f9c, ORIENTAL,CALLE,ALVAREZ
35eb7846-6edc-4a8b-bc6c-b94a21ee2ce0, CABECERA DEL LLANO,CALLE,NUEVO SOTOMAYOR
70d2251a-89f7-4a92-bb8a-0a6561fa8656, LA PEDREGOSA,CARRERA,DIAMANTE I
1c669e2f-ea61-4f8b-9529-58acbc006d9f, LA CIUDADELA,CALLE,REAL DE MINAS
1c007fd3-5c8b-43e0-abd3-cbb93331f74b, CABECERA DEL LLANO,CARRERA,TERRAZAS
93259501-d65d-4cda-9ddb-b9b2ea107de7, ORIENTAL,CARRERA,ANTONIA SANTOS CENTRO
92d4cced-fd44-49b3-8794-58090ad8e80d, ORIENTAL,CARRERA,LA AURORA
46bf063c-06dc-4e8b-92fb-84919d62c35c, CABECERA DEL LLANO,CARRERA,LA FLORESTA
3a8441fa-9b4b-418f-b05b-f9dc1deff898, SAN FRANCISCO,CARRERA,SAN FRANCISCO
d1509446-93e2-45ce-a1d0-06ab5a0a4f97, CENTRO,CARRERA,CENTRO
66a2a657-a1a5-4e4e-aeab-dcfc2e014234, ORIENTAL,CARRERA,ALVAREZ
9b694169-f9af-43e4-93f3-14414c2dd254, CENTRO,CARRERA,CENTRO
5f64fa16-1f3b-4792-ae20-89896bd7ad46, SAN FRANCISCO,CARRERA,COMUNEROS
0a9593cd-0899-4487-9159-7c467160f572, CABECERA DEL LLANO,CARRERA,CONUCOS
0343ebd6-89dd-4d3f-be18-f20c3e05c2b7, CENTRO,CARRERA,CENTRO
166ab194-9acd-40d9-b110-b30a17b4825f, SAN FRANCISCO,CARRERA,CHAPINERO
85c05ef2-e4b7-47fa-a2f2-8d1919924ba7, CENTRO,CARRERA,CENTRO
ee231ee0-cd75-4262-81ab-bd627858be7a, CABECERA DEL LLANO,CARRERA,SOTOMAYOR
d71fe9ed-0e84-459f-aef5-56b57a17fe81, SAN FRANCISCO,CALLE,UNIVERSIDAD
0563f652-8341-4b92-b3fa-3756915154eb, SAN FRANCISCO,CARRERA,UNIVERSIDAD
0cc34114-3bbc-4e26-b714-199859cc3910, NORTE,ANILLO VIAL,CAFE MADRID
bacd5fa2-fb73-40f8-8bef-6cb30164ec0e, CABECERA DEL LLANO,CALLE,CONUCOS
8ae4ee4c-5eb0-4963-8562-96e8746113cc, CABECERA DEL LLANO,CALLE,NUEVO SOTOMAYOR
f9e8dd37-45c3-48d9-9e36-8ce1b9138839, CENTRO,CALLE,CENTRO
d6ce044d-beb6-4db9-8284-88a21030d63c, LA PEDREGOSA,CARRERA,DIAMANTE I
e3e33020-2353-4443-b288-4596c8cd9191, CABECERA DEL LLANO,CARRERA,BOLARQUI
8743c2bf-f412-4e97-b7f0-dc40367ba8d9, CENTRO,CARRERA,GARCIA ROVIRA
508be088-01d6-4a3e-afd0-b6d59be4aac1, OCCIDENTAL,AUTOPISTA GIRÓN,RIO DE ORO I
d09410b9-32b6-4ac5-964b-e543e0d05487, CABECERA DEL LLANO,CARRERA,TERRAZAS
832f6d91-ffe5-453f-ae62-fa0dc0542da7, ORIENTAL,CARRERA,LA AURORA
77f3d7d8-9518-4ac7-9873-565c7e2858f8, GARCIA ROVIRA,CALLE,CAMPO HERMOSO
3ba72d0c-4b9f-4249-83d5-464d54175208,SIN INFORMACION,AUTOPISTA FLORIDA BUCARAMANGA,SIN INFORMACION
919b3085-cc91-4ddc-bb85-6b05d7611df1, ORIENTAL,CARRERA,ALVAREZ
ca449764-11dd-48c8-aacf-2bd884a01756, MORRORICO,CARRERA,ALBANIA
64f57068-1894-4cae-b671-94c86e2990cd, CENTRO,CARRERA,CENTRO
8bc093c3-6fa8-47b2-ac81-5368a23e4517, CENTRO,CALLE,CENTRO
5bc4b0e0-2752-451c-8392-11fe72541be5, SAN FRANCISCO,CARRERA,SAN FRANCISCO
5ee76afc-7381-4ce3-823c-39fc41024392, NORTE,AUTOPISTA  NORTE,COLORADOS
410721f3-f741-414d-8d51-fbcd02d7889b, OCCIDENTAL,CALLE,NARIÑO
36de9dbc-0392-448f-a08d-e2d0d5fa6012, LA PEDREGOSA,CALLE,LA LIBERTAD
31cd572c-3d76-4f4b-ac51-e8d307a47a81, ORIENTAL,AVENIDA Q SECA,SAN ALONSO
830fdbfa-ca77-401d-a7a6-0ce4b0a6af0e, LA PEDREGOSA,AUTOPISTA FLORIDA BUCARAMANGA,ANTONIA SANTOS SUR
d078bcbd-ce97-464c-8db1-48d1781a134d, OCCIDENTAL,AUTOPISTA GIRÓN,RIO DE ORO I
5ebc9675-865d-4d07-868b-58c5c55cc116, OCCIDENTAL,CALLE,LA FERIA
c987acc0-7ff8-46ca-a357-d80cc2fe2202, SAN FRANCISCO,CARRERA,SAN FRANCISCO
76056d2b-a44e-4101-9d86-8b7efdd59b16, GARCIA ROVIRA,CALLE 45 VIA CHIMITA,CAMPO HERMOSO
403c3b9e-57e7-4cc3-b2e2-e5f3aa6a9093, SAN FRANCISCO,CARRERA,UNIVERSIDAD
44bd9937-c481-47ea-b0e7-71a31b17144f, LA CONCORDIA,CALLE,LA CONCORDIA
87138193-bcc1-4881-903c-73c27054d9fc, NORORIENTAL,AUTOPISTA  NORTE,SAN RAFAEL
8317d983-d522-4183-80fe-b3bee321e535, LA CIUDADELA,AVENIDA BUCAROS,REAL DE MINAS
f8c2e634-402b-4aee-a722-d40d41210620, ORIENTAL,CARRERA,ALVAREZ
67937aac-9fb8-400c-bb42-a0ee47c94851, PROVENZA,AUTOPISTA FLORIDA BUCARAMANGA,PROVENZA
ceaa40de-cfc7-40f6-a880-1910f5b1d913, ORIENTAL,CARRERA,LA AURORA
23eddc60-cd24-47c4-882c-dc86b8abbcdd,SIN INFORMACION,AUTOPISTA FLORIDA BUCARAMANGA,SIN INFORMACION
cfa333fe-c89a-48f3-bb57-d1413cb07c9d,SIN INFORMACION,AUTOPISTA FLORIDA BUCARAMANGA,SIN INFORMACION
ad782436-57c8-4f59-9fc4-8a5dfa72402a,SIN INFORMACION,TRANSVERSAL ORIENTAL,SIN INFORMACION
019bc848-e77d-47eb-a6cc-c2b749bcbce9, NORORIENTAL,CALLE,LA JUVENTUD
b2150510-65b3-4387-a29e-9df25b619b55, SAN FRANCISCO,BOULEVAR BOLIVAR,SAN FRANCISCO
52364556-fe12-4b71-92c3-1cf705a37872, LA CIUDADELA,CALLE,REAL DE MINAS
10ad424e-d50c-43df-a6dd-5ae638b55f5a, LA CONCORDIA,CARRERA,SAN MIGUEL
f6e33f6d-700b-4655-b6c5-cfe23d0daade, OCCIDENTAL,AUTOPISTA GIRÓN,RIO DE ORO I
ebcfa6c7-615c-4202-a40b-27e61a711d1a, CABECERA DEL LLANO,CARRERA,CABECERA DEL LLANO
61d59e0f-2984-49b5-9161-86722f4e594d, CENTRO,CALLE,CENTRO
fab5dfce-2184-428c-bd84-d5fb11a126d0, ORIENTAL,CALLE,ANTONIA SANTOS CENTRO
50c9bde3-cd06-4671-a4aa-c90e54e444dc, GARCIA ROVIRA,CALLE,CAMPO HERMOSO
1a9bf53c-bb1a-4948-805a-64f72e2a6e3f, NORTE,ANILLO VIAL,CAFE MADRID
1f795979-3b3d-4a55-95fd-24477b14da9b, CABECERA DEL LLANO,CALLE,CABECERA DEL LLANO
f111f580-9d3d-4e19-9275-8d63c42d7a22, ORIENTAL,CARRERA,ANTONIA SANTOS CENTRO
1906ff88-8c91-455d-993b-6eb4c05c8ce9, GARCIA ROVIRA,CALLE,ALFONSO LOPEZ
bc900e0a-92ec-4b5d-b01e-ad47a1b3cc48, OCCIDENTAL,ANILLO VIAL,RIO DE ORO I
118c4bd3-2545-4752-85ea-8166d03f76b9, ORIENTAL,CALLE,MEJORAS PUBLICAS
f30626ca-43cd-4cd0-baa1-31c035c96239, SAN FRANCISCO,CARRERA,ALARCON
7b959f8a-154b-47df-b30e-0c41cab96f5a, ORIENTAL,CARRERA,ANTONIA SANTOS CENTRO
175d3c6a-fbe4-416a-aea8-5ff7d9cacdad, LA CONCORDIA,CARRERA,LA CONCORDIA
8dab26f2-035f-4463-99d9-fc05a279a678, ORIENTAL,CARRERA,EL PRADO
7ee3a03b-cac2-4912-a2e8-490e027808b6, PROVENZA,CARRERA,DIAMANTE II
b895d697-3ed0-4415-8201-618889748ea5, ORIENTAL,CARRERA,LA AURORA
4d66fd45-43eb-472e-a4a9-42304240dfcc, LA CONCORDIA,CALLE,RICAURTE
be13d8c4-ce2e-43aa-bbd0-e8c86bf123ba, SAN FRANCISCO,CARRERA,UNIVERSIDAD
87304af8-9ab0-4d6f-ac65-b7d567145316, ORIENTAL,CALLE,MEJORAS PUBLICAS
d24c7470-d418-4174-97cb-0272945652d4, CENTRO,CARRERA,CENTRO
81958099-67d9-42a2-8862-9daff26af272, OCCIDENTAL,TRANSVERSAL METROPOLITANA,RIO DE ORO I
7b9cfaf3-9dc1-4545-ab7c-851635cc42ce, SAN FRANCISCO,AVENIDA Q SECA,ALARCON
68d466e9-ea7f-409a-a47a-190074dfcdc6, NORORIENTAL,CARRERA,OLAS II
fb367c76-28e2-4867-8d97-4439d7500120, OCCIDENTAL,ANILLO VIAL,RIO DE ORO I
209cc6a2-62a4-4ade-bc0f-baa342285fb9, SAN FRANCISCO,CALLE,COMUNEROS
015fe474-32f0-40e7-8ab3-4113a39bfc86, GARCIA ROVIRA,CALLE,ALFONSO LOPEZ
0b25f7d3-7cd6-4988-b17a-5748e7eb9788, OCCIDENTAL,CALLE,GIRARDOT
e0eaae06-a267-484c-8464-00da6d915391, OCCIDENTAL,ANILLO VIAL,RIO DE ORO I
2db642bd-55d1-4af5-bbb8-adcd6ac10feb, CABECERA DEL LLANO,CALLE,SOTOMAYOR
417b83a2-8e5b-4f92-b940-6f1d71dd1142, ORIENTAL,CALLE,EL PRADO
9109bdff-90de-43b4-b5e6-c8e0887dfa23, ORIENTAL,CARRERA,LA AURORA
8762cb78-330c-487c-b687-3a25599c913c, LA CONCORDIA,CALLE,LA CONCORDIA
f98d7c30-670c-459e-be3f-eb53aaf2bd75, LA CONCORDIA,CARRERA,LA CONCORDIA
8190f981-bb33-4c21-ac5d-7c038b8724c6, ORIENTAL,CARRERA,MEJORAS PUBLICAS
c52ffb7c-fcc1-469d-a9f6-d10223450a62, CABECERA DEL LLANO,CARRERA,CONUCOS
90a06d28-1a4b-4623-8c6a-871885caf5b5, PROVENZA,CARRERA,DIAMANTE II
6aa2b8cd-2387-45cf-9fe8-ab0e977cad37, CABECERA DEL LLANO,CARRERA,CABECERA DEL LLANO
619eebc6-79b9-4262-8347-b942415422f5, CENTRO,AVENIDA Q SECA,CENTRO
c5ab5322-7c2d-46a9-85ba-af4461613461, CABECERA DEL LLANO,AUTOPISTA FLORIDA BUCARAMANGA,PUERTA DEL SOL
ed9a1a61-5efc-4efe-b4a4-5853172c7feb, ORIENTAL,CARRERA,BOLIVAR
502fa3bc-f41e-435a-8245-d74a175a3da6, NORORIENTAL,AUTOPISTA  NORTE,VILLA MERCEDES
9fdef5ac-8af5-4d76-b945-fb7c3a6dcebe, CABECERA DEL LLANO,CARRERA,CABECERA DEL LLANO
5630c171-1161-43d5-9a79-8ac9d84b06aa, SAN FRANCISCO,CALLE,COMUNEROS
3d86cae8-bbb2-434d-be03-edce47bccf34, ORIENTAL,CARRERA,ALVAREZ
87ba6244-cbd5-4e4f-ab90-48fccd2cb94b, NORORIENTAL,AUTOPISTA  NORTE,NORTE BAJO
b9564b8b-584a-4bee-8f49-af663fcacd55, ORIENTAL,CARRERA,EL PRADO
1612fcb2-6134-4030-a005-e6d4f51a16d1, ORIENTAL,AVENIDA LA ROSITA,MEJORAS PUBLICAS
f327c4cf-325b-49af-8b65-d75dda86116c, LA PEDREGOSA,AUTOPISTA GIRÓN,NUEVA GRANADA
5a73a7df-6e55-402d-9686-51c13af58d0d, CABECERA DEL LLANO,CARRERA,PUERTA DEL SOL
9a75856e-46a9-4909-ae9c-e943e607a09e, SUROCCIDENTE,AUTOPISTA GIRÓN,BUCARAMANGA
1d5ee98e-9355-4df9-8092-ffc0e2ccc672, SUROCCIDENTE,TRANSVERSAL METROPOLITANA,PREDIO URBANO PUENTE EL BUENO
df39b06a-0ecb-47a3-add5-724e03ab7958, LA CONCORDIA,CALLE,GOMEZ NIÑO
8670c69c-7765-4938-a9e4-2677789e00e1, LA PEDREGOSA,CALLE,VIADUCTO LA FLORA(NO BARRIO)
8e24d72c-5d27-4979-8d2d-473fe0d220be, OCCIDENTAL,ANILLO VIAL,BUCARAMANGA
8c52ec37-204a-4d9b-b7a1-920333b0c78d, CENTRO,AVENIDA Q SECA,CENTRO
ee76eba2-8bfe-4cf2-833a-91788953adb6, LA CONCORDIA,CALLE,RICAURTE
28fda2fe-54e8-4128-b0da-7da261e7999e, LA CONCORDIA,AVENIDA LA ROSITA,LA CONCORDIA
224d71e1-ff4a-4747-b86e-f037922e30a7, CENTRO,CALLE,CENTRO
c394778d-40cb-4912-8942-6d467e8ff5d4, ORIENTAL,CALLE,LA AURORA
481667d4-7200-4f39-80c0-092bf2cd43a7, NORTE,AUTOPISTA  NORTE,CAFE MADRID
961b3480-fc18-46ba-8fb3-b958e6ddade4, ORIENTAL,CARRERA,LA AURORA
8da13d7b-93ef-4547-873b-46a6936e6536, LA CONCORDIA,CALLE,LA CONCORDIA
e2543ada-de43-433e-a717-3396c4a17ed4, CENTRO,CARRERA,CENTRO
67c1d055-efb1-401e-9ee7-f56ebde13ec6, CABECERA DEL LLANO,CARRERA,CABECERA DEL LLANO
aa42d5e8-3860-4fdd-8cc0-73dd7ab6e56f, CABECERA DEL LLANO,CARRERA,CABECERA DEL LLANO
ded83ab7-105b-4ef3-a23e-d7dbe267e596, PROVENZA,AUTOPISTA FLORIDA BUCARAMANGA,PROVENZA
49b5a162-b630-4db9-adbf-714b26838eef, SAN FRANCISCO,CALLE,SAN FRANCISCO
2e3add18-daf1-4032-92e5-48614d736a7d, SAN FRANCISCO,CALLE,UNIVERSIDAD
60a258a4-741c-47d0-9421-f3fb00d0dc4f, PROVENZA,AUTOPISTA FLORIDA BUCARAMANGA,DIAMANTE II
826073c7-a444-4a74-bb2b-b7540b8f8878, LA CONCORDIA,CARRERA,LA CONCORDIA
b127c8ac-bc71-4372-af7c-3c2245112552, LA CONCORDIA,CALLE,RICAURTE
fa6adbf3-19cd-423d-9acc-74a814f64901, PROVENZA,AUTOPISTA FLORIDA BUCARAMANGA,DIAMANTE II
2140fb89-b173-4ed7-9248-88ad64a80a52, CENTRO,CALLE,GARCIA ROVIRA
0b33f6a9-0898-4ab4-9f2a-1981eb805c8a, CABECERA DEL LLANO,CARRERA,NUEVO SOTOMAYOR
894629d5-3374-4393-a5a4-1927ee3d2f5a, OCCIDENTAL,ANILLO VIAL,RIO DE ORO I
4119b78b-e032-4c19-847c-39a8fa3171b9, CENTRO,CALLE,CENTRO
961748e7-97de-4d5d-945f-d865256b6df6, SAN FRANCISCO,CALLE,COMUNEROS
95f296ad-8906-4645-a75d-938eb645d74a, SUROCCIDENTE,AUTOPISTA GIRÓN,BUCARAMANGA
de94b6e5-9a7a-45a7-82cb-a8bdaed85bc9, SAN FRANCISCO,CARRERA,COMUNEROS
9ff0d628-377b-4da9-87a6-d47dc9f8d4d5, SAN FRANCISCO,BOULEVAR BOLIVAR,SAN FRANCISCO
8f85d0c4-f0f3-467b-93d7-93b136c279d5, CENTRO,CALLE,CENTRO
51b2e656-7d9b-454a-aae5-18cef30bd36a, ORIENTAL,AVENIDA Q SECA,LA AURORA
be86b66d-5985-44f6-aa0a-2a090bb91c19, LA PEDREGOSA,CARRERA,LA PEDREGOSA
4b1be3b1-df6a-4788-be26-b197923a67c7, ORIENTAL,CALLE,LA AURORA
b93e9d70-d1c2-4842-bfa6-81fd7529fa72, OCCIDENTAL,AUTOPISTA GIRÓN,RIO DE ORO I
67ec6b1d-b7a4-4297-8b7c-272cb055745e, OCCIDENTAL,CALLE 45 VIA CHIMITA,RIO DE ORO I
d139ea20-f552-43b4-87dc-1bfb17bf963b, ORIENTAL,CARRERA,EL PRADO
04b2a7d8-13b5-4d08-a27e-06655796b310, OCCIDENTAL,ANILLO VIAL,RIO DE ORO I
fe085eb5-2186-42bd-89ff-cff5c193df6d, SUROCCIDENTE,AUTOPISTA GIRÓN,BUCARAMANGA
10f65dab-358a-439d-905b-3d7ecacaaaaf, CENTRO,CARRERA,CENTRO
4eadcf9b-cbc0-4206-850d-2a400240191a, CABECERA DEL LLANO,CARRERA,CONUCOS
ac969f08-e452-4bba-8d2b-41e60e5cc0c7, CENTRO,CALLE,CENTRO
ecd4927f-bed0-4ddc-951a-cd0d96479617, CABECERA DEL LLANO,CARRERA,PAN DE AZUCAR
75a43446-eb21-423a-982c-87a30a0e4a80, CABECERA DEL LLANO,CARRERA,SOTOMAYOR
2bb00eac-9b71-484c-8c0d-8e4845a93a98, CABECERA DEL LLANO,CARRERA,CAMPESTRE
30429cd4-abd9-4c7d-88c5-19f36694d901, LA CONCORDIA,CALLE,GOMEZ NIÑO
44af3398-070e-4d43-8bcc-e660c7a7c503, CENTRO,CARRERA,CENTRO
5fec9eb4-4d7a-422d-a58d-3825808dfa7c, CABECERA DEL LLANO,CARRERA,MERCEDES
fa309b64-ab96-45d6-9fd7-f22f8de88c7d, CENTRO,CARRERA,CENTRO
b044b095-5be0-4d9b-b6bd-56243be5b3bd, OCCIDENTAL,AVENIDA Q SECA,SANTANDER
b1f1f1e4-cadc-4793-88e7-56814d4a8358, LA CONCORDIA,CALLE,GOMEZ NIÑO
98661a1c-f630-4a83-86a2-75e6d22f125d, CABECERA DEL LLANO,CARRERA,CONUCOS
05e41eac-945e-4939-a9ba-1acf742f74c9, CENTRO,CARRERA,CENTRO
f57baa13-12b2-4745-93a8-e2bd14acbaa3, LA PEDREGOSA,CARRERA,DIAMANTE I
d247d73c-c657-423e-9679-b99b1cfd97b5, GARCIA ROVIRA,CARRERA,ALFONSO LOPEZ
1f3db941-1cab-4eeb-87bb-b603c29373d0, LA CONCORDIA,AVENIDA LA ROSITA,LA CONCORDIA
2516f0ac-6f99-48b7-ae5b-b4040848472d, SAN FRANCISCO,CARRERA,SAN FRANCISCO
7a67df86-d6c0-4801-a07f-fb1630ac4c5d, NORORIENTAL,AUTOPISTA  NORTE,NORTE BAJO
cc2ff7c3-fc9a-4992-a809-67b2e0f077de, LA PEDREGOSA,AUTOPISTA FLORIDA BUCARAMANGA,SAN MARTIN
41ebc743-6523-42fa-b5bd-09d3d6270f81, OCCIDENTAL,CALLE 45 VIA CHIMITA,RIO DE ORO I
b2adf1ff-7f42-4d58-a808-1a6d499cda3e, MUTIS,CALLE,MONTERREDONDO
db3148ba-f5c9-45bb-8a01-7edc57576ecd, CABECERA DEL LLANO,CARRERA,CONUCOS
9af7eae5-7de4-462f-8e09-28fe91b73924, ORIENTAL,AVENIDA Q SECA,SAN ALONSO
9ac8dc9c-764d-4375-8449-582ade2027f7, CABECERA DEL LLANO,AUTOPISTA FLORIDA BUCARAMANGA,PUERTA DEL SOL
541f62ad-6729-44bd-a969-3d8bfb5881e6, LA CIUDADELA,AVENIDA GUAYACANES,REAL DE MINAS
00c69263-6b2c-4bcb-8cc9-bfc9726e8099, CABECERA DEL LLANO,CALLE,CABECERA DEL LLANO
04c66a7e-93c0-4d04-8d73-82e2311798ee, CENTRO,CARRERA,CENTRO
c03b9ff6-87e1-4613-8804-43a143086ed2, 1,ANILLO VIAL,LA ESMERALDA
6c9900c9-4ab2-4998-9ef4-304702b36e10, PROVENZA,AUTOPISTA FLORIDA BUCARAMANGA,PROVENZA
7d6770a6-3f08-4da5-8a49-1c18880e4975, OCCIDENTAL,AVENIDA Q SECA,SANTANDER
0bac6c27-503d-44fe-9f60-8dd50868aaab, OCCIDENTAL,CALLE,RIO DE ORO I
10168e4b-fb5c-4513-b152-3dcf820460c3, ORIENTAL,CALLE,LA AURORA
3d8814fa-cf04-47db-bf20-87748a3b4074, CABECERA DEL LLANO,CARRERA,CABECERA DEL LLANO
4bdfa46e-3a39-4c19-9e37-520e480b6c63, CABECERA DEL LLANO,CARRERA,CABECERA DEL LLANO
3ab5f0f5-0ff3-4149-b507-b465da3ce0fe, CABECERA DEL LLANO,CARRERA,SOTOMAYOR
1b03e5bb-3531-4bfc-b56f-639220259a33, SAN FRANCISCO,BOULEVAR BOLIVAR,SAN FRANCISCO
638ce1e6-f52d-4fc2-a804-3fb1f7ee8b2b, PROVENZA,AUTOPISTA FLORIDA BUCARAMANGA,PROVENZA
db087943-c7e6-4918-8b30-f1013c07eda4, CABECERA DEL LLANO,CARRERA,CABECERA DEL LLANO
189b84a9-c36d-452e-9093-618b202261b5, NORTE,AUTOPISTA  NORTE,COLORADOS
8e5249c5-1219-4365-950e-9db7f9804dea, PROVENZA,CALLE,PROVENZA
3e152d14-366d-4825-a4dd-f5a62f59d4ea, SUR,TRANSVERSAL METROPOLITANA,CIUDAD VENECIA
1218a0e9-c598-4d65-93ed-b6e39559b20e, CABECERA DEL LLANO,CARRERA,CABECERA DEL LLANO
a19b57a3-4d85-4fc4-8fa1-9cf16d115efd, SUR,CARRERA,EL ROCIO
60e8d7e2-6207-4024-a45a-f3b0376e23ca, LA CONCORDIA,CARRERA,LA CONCORDIA
59d0304e-5f33-4feb-985b-306504a7eca7, SAN FRANCISCO,AVENIDA Q SECA,ALARCON
1fd8dec6-667b-4af7-8316-a2044f95a235, CABECERA DEL LLANO,CARRERA,CABECERA DEL LLANO
4ea5f7cd-f085-45c0-8bcd-4e42987d48be, SAN FRANCISCO,CARRERA,SAN RAFAEL
217e2250-db6c-43f0-b57d-ac3289420c8d, SAN FRANCISCO,BOULEVAR SANTANDER,SAN FRANCISCO
a39ee4ad-5ea9-4522-a88b-2978a76672d7, ORIENTAL,CARRERA,MEJORAS PUBLICAS
ed097bcd-bb54-41f6-94be-077c61218836, CABECERA DEL LLANO,CARRERA,SOTOMAYOR
69e6a578-538f-4679-b053-b5f4b0296101, CABECERA DEL LLANO,AUTOPISTA FLORIDA BUCARAMANGA,PUERTA DEL SOL
99144b86-6a00-4814-8939-9ae3ff7130e0, SAN FRANCISCO,AVENIDA Q SECA,ALARCON
fcc31acc-3862-4302-a3e5-80357015ddde, NORTE,AUTOPISTA  NORTE,VIJAGUAL
3d5d944e-864d-4d33-b555-4a0735daff43, CABECERA DEL LLANO,CALLE,BOLARQUI
28c631f0-b25e-4036-80d4-75b1019b8f87, GARCIA ROVIRA,CARRERA,ALFONSO LOPEZ
bbadbb39-5d19-4a80-b7da-cec9b72884c8, LA CONCORDIA,CARRERA,LA CONCORDIA
60a9d05b-9f1f-4203-aa49-3d563c16a1f5, LA CONCORDIA,CALLE,LA VICTORIA
795b54cd-a582-4555-9c38-e663bfe39bbf, CABECERA DEL LLANO,CARRERA,NUEVO SOTOMAYOR
2dd5edf9-1549-49ee-9867-04c788f131f7, SAN FRANCISCO,CARRERA,SAN FRANCISCO
15291c4d-676c-49c7-928b-177c87357abd, OCCIDENTAL,AUTOPISTA GIRÓN,RIO DE ORO I
901d0fd0-5b43-4ad2-8cd2-1cebe5f46add, CABECERA DEL LLANO,CARRERA,LA FLORESTA
b6fc2cd3-0d41-4343-8958-e4102d9bc898, SUROCCIDENTE,AUTOPISTA FLORIDA BUCARAMANGA,BUCARAMANGA
4ca398f7-089b-4477-8b72-4df168f8d2bd, ORIENTAL,CARRERA,EL PRADO
869a7cdb-8e77-4611-b87b-2b2d797f9099, ORIENTAL,CARRERA,ALVAREZ
0de64183-9e44-4e02-b236-8d9870a43edc, CABECERA DEL LLANO,AVENIDA  GONZALEZ VALENCIA,SOTOMAYOR
a8d6c293-22ef-43d7-9be8-b4bd63294c42, CABECERA DEL LLANO,CARRERA,CABECERA DEL LLANO
0e4c2bb0-132e-4e76-861a-7ae5604289da, MORRORICO,AUTOPISTA  CUCUTA,MORRORICO
ece561f1-6d01-4960-91e9-6ebb19c18067, OCCIDENTAL,CARRERA,GIRARDOT
4250a4cb-6d85-4234-b499-bbf2033f4bcd, CABECERA DEL LLANO,CARRERA,SOTOMAYOR
1ad9bc0f-78dc-4624-a412-c7c076770a39, CABECERA DEL LLANO,AVENIDA  GONZALEZ VALENCIA,SOTOMAYOR
400a4668-d728-4b71-94cf-88e46dc72bf6, PROVENZA,CARRERA,PROVENZA
dabc60ca-e393-44ec-9ef3-94d10700d7f5, ORIENTAL,CALLE,SAN ALONSO
06d00170-b505-424a-a86c-0c31daabf1c6, LA PEDREGOSA,AUTOPISTA FLORIDA BUCARAMANGA,SAN MARTIN
24b26471-4d03-435a-b4c5-51df55c9d472, CABECERA DEL LLANO,CARRERA,CABECERA DEL LLANO
7769a11a-7d3b-45c1-ac71-5239dcc39b2d, SAN FRANCISCO,CARRERA,ALARCON
2545d64c-144d-4daf-8bda-66a65adf4949, CABECERA DEL LLANO,CARRERA,LA FLORESTA
37a854d6-b5b1-40db-9a4f-cd7df76113c4, SUROCCIDENTE,TRANSVERSAL METROPOLITANA,BUCARAMANGA
23d41f21-3739-4647-aae9-26d8a0cede39, LA CONCORDIA,CARRERA,LA CONCORDIA
de34de36-fa87-4899-81a5-bb35b3e10eed, PROVENZA,AUTOPISTA FLORIDA BUCARAMANGA,PROVENZA
6e681b98-095b-425b-856d-00fdfefada80, LAGOS DEL CACIQUE,CALLE,SANTA BARBARA
2052790e-aac9-4f90-90ce-b5903e8c311f, SUR,TRANSVERSAL METROPOLITANA,CIUDAD VENECIA
6dc024bc-5d19-4e8a-a9d6-5839b086f20b, CABECERA DEL LLANO,CARRERA,CABECERA DEL LLANO
26f2334a-701c-4eae-9057-eb9a63d33216, SAN FRANCISCO,BOULEVAR BOLIVAR,ALARCON
fdfbfd49-e70e-48fd-83d8-1f657678c558, SAN FRANCISCO,CALLE,UNIVERSIDAD
02886443-ace0-46d4-a98d-0d377b7ec6ad, CENTRO,CARRERA,CENTRO
b8f6e958-5283-4f03-b514-481947409282, NORTE,AUTOPISTA  NORTE,MORRORICO
92cd6b5d-94f0-41b2-a055-a69c2785b9dc, SUROCCIDENTE,AUTOPISTA GIRÓN,AFRICA
4961cf41-9059-4a33-a97c-aa3a9dfcb932, ORIENTAL,AUTOPISTA FLORIDA BUCARAMANGA,ANTONIA SANTOS CENTRO
14a6e686-8507-4d14-ad51-47f2c9579a21, NORTE,ANILLO VIAL,CAFE MADRID
5e0c8e03-89c6-47da-8db2-648d34672c7a, SAN FRANCISCO,CALLE,SAN FRANCISCO
43cd0c67-5aa4-4a90-91c1-467e49a568bd, ORIENTAL,CALLE,SAN ALONSO
18b50a24-eefb-476e-9063-a9982ae61cf6, SAN FRANCISCO,BOULEVAR BOLIVAR,SAN FRANCISCO
6f963498-72d6-45e2-ae26-457f9d06a036, CENTRO,CARRERA,CENTRO
e7b1cbe5-3541-4bc8-bad6-005ca171b7df, PROVENZA,AUTOPISTA FLORIDA BUCARAMANGA,PROVENZA
aa96d6fc-277e-4250-874b-c55a3864af26, CABECERA DEL LLANO,CARRERA,CABECERA DEL LLANO
6a38e02a-4282-4913-b58e-4334f49bc9bb, OCCIDENTAL,CARRERA,SANTANDER
ba4dc2ab-dc02-4dc1-a2df-ce77f904d263, CENTRO,CALLE,CENTRO
21b2f9f1-a8bf-4b69-8037-70f9a25588f8, LA CIUDADELA,AVENIDA LOS ESTUDIANTES,REAL DE MINAS
76f25d1f-c2be-45b3-8198-8e57a1b1c56c, PROVENZA,CALLE,PROVENZA
620e73a2-4e79-4b47-b083-1ffcdf900637, LA PEDREGOSA,CARRERA,LA PEDREGOSA
679afbd4-a90c-4cd3-a26e-3d10ad8037fd, SAN FRANCISCO,AVENIDA Q SECA,ALARCON
08aed927-4706-4be9-9f0c-b649f61f79b1, CENTRO,CALLE,CENTRO
d242914a-2829-4120-8d12-3664c93bb6a9, ORIENTAL,CARRERA,EL PRADO
53cf0e64-8dea-4950-a5a0-6184b3cb6a8d, CENTRO,CALLE,CENTRO
c1af2730-3112-4fc3-a63e-4e4baa63e642, GARCIA ROVIRA,CALLE,CAMPO HERMOSO
98b8d942-8752-4560-ba58-db773e3a4552, LA CONCORDIA,DIAGONAL 15,LA CONCORDIA
20cc0eca-e225-43fe-a874-b09fa901c4c1, LA CONCORDIA,CARRERA,LA SALLE
a46838c1-6b88-455b-a9d7-9ca2bd87acdf, LA CIUDADELA,DIAGONAL,REAL DE MINAS
dd17e64c-7acd-4a9b-ac09-b8ced8b39696, LA CONCORDIA,AVENIDA  GONZALEZ VALENCIA,LA CONCORDIA
0e8c1631-58ca-4f21-b63f-0f59c6c181a8, CENTRO,CALLE,CENTRO
343d55cb-0d88-4dbb-aa77-e4123e7f2c39, CABECERA DEL LLANO,CALLE,SOTOMAYOR
7359b3aa-6f54-457c-b23f-c7c849bb98ed, CABECERA DEL LLANO,CALLE,BOLARQUI
83b8e11d-ef31-4d56-a9d7-60bd22cd709a, NORTE,AUTOPISTA  NORTE,COLORADOS
f98b9162-6ed0-4dd7-8495-8b80ba91a9ce, SUROCCIDENTE,AUTOPISTA GIRÓN,AFRICA
98b893c3-d8d0-48a6-bb5b-44cb23fa0cc1, SAN FRANCISCO,BOULEVAR BOLIVAR,SAN FRANCISCO
870d0d2a-90bc-4372-9927-3bb2adcb60c6, OCCIDENTAL,ANILLO VIAL,RIO DE ORO I
9b7a8281-36d6-42f5-8a29-36fec6601c55, CENTRO,CALLE,CENTRO
63fead72-07cf-4046-ba55-d9b34518fc36, SAN FRANCISCO,CARRERA,SAN FRANCISCO
336afd41-f987-4182-83a2-1bfd4defcdad, SAN FRANCISCO,CARRERA,SAN FRANCISCO
c15db6ad-e9be-4549-985a-2b0767694824, NORORIENTAL,AUTOPISTA  NORTE,OLAS II
c6e42f98-3f0d-498c-8b55-dee8fe6848ac, OCCIDENTAL,CALLE,GIRARDOT
648e5656-729c-4593-9bb8-ff204aae2b44, CALDAS - REPOSO,CALLE,LA TRINIDAD
ac96ea92-7c4f-453b-8402-ae2bc0882aea, MUTIS,AUTOPISTA GIRÓN,MONTERREDONDO
d7b9ae0e-f58c-4bd8-9c6e-339bb552c1c6, PROVENZA,CALLE,PROVENZA
af3d9a07-9fff-4a1f-bf42-b5512d3cdb5a, CABECERA DEL LLANO,CARRERA,CABECERA DEL LLANO
bc4a3a92-2d8b-4696-a794-a966cfeb7713, SAN FRANCISCO,BOULEVAR SANTANDER,SAN FRANCISCO
47220af6-e74c-4fad-90b1-2763b44b4efb, OCCIDENTAL,AUTOPISTA GIRÓN,RIO DE ORO I
c159ace3-bcdc-405c-8d43-2bda063e95e2, SAN FRANCISCO,AVENIDA Q SECA,ALARCON
5cbc1b98-6c8f-4253-960b-995ee98f04be, CABECERA DEL LLANO,CALLE,CABECERA DEL LLANO
71e5febe-65f8-452e-8c13-510e4270e702, CENTRO,CARRERA,CENTRO
b14ebad7-374f-4fb3-baee-b4b0c8609ef8, CABECERA DEL LLANO,CARRERA,CABECERA DEL LLANO
9c3d71bd-083e-40f9-88aa-3f95c25f1505, OCCIDENTAL,AUTOPISTA GIRÓN,RIO DE ORO I
6cf2ae30-e37e-4163-bca2-a9376203b414, CENTRO,CALLE,CENTRO
51c76a8a-3c89-456e-aee5-f485fac5197a, CABECERA DEL LLANO,CARRERA,CABECERA DEL LLANO
a7c37d1e-56e6-4ee9-912e-d134c1c46362, OCCIDENTAL,CARRERA,GAITAN
578754c7-fb42-4a3e-86bd-d6685882eef8, CABECERA DEL LLANO,CARRERA,SOTOMAYOR
208ecb25-09d2-45f4-b36f-31750df6009a, GARCIA ROVIRA,CALLE,CAMPO HERMOSO
b09d1e6b-31c2-4f24-9347-c4a0de570f71, LAGOS DEL CACIQUE,CALLE,EL TEJAR
6f104b2b-3868-4527-a480-23c8f6c4f10b, NORTE,AUTOPISTA  NORTE,CAFE MADRID
f5986925-3063-4528-8841-935d901bd775, SAN FRANCISCO,BOULEVAR BOLIVAR,SAN FRANCISCO
505df689-9d7a-434d-b015-305421836920, GARCIA ROVIRA,CALLE,CAMPO HERMOSO
477cc583-c680-4fe5-91d9-c9cff916571c, CABECERA DEL LLANO,AVENIDA  GONZALEZ VALENCIA,CONUCOS
d89ffc3a-098e-4265-a204-06783f9163de, LA PEDREGOSA,CARRERA,LA PEDREGOSA
81194af7-25ab-4e1e-85c5-88a900c4fb1f, GARCIA ROVIRA,CALLE 45 VIA CHIMITA,LA ESTRELLA
d5dbaae4-3744-46d2-a339-b2f2b028abd2, CABECERA DEL LLANO,CALLE,SOTOMAYOR
686fab24-1634-4346-8fac-2a104f3e5419, LA PEDREGOSA,DIAGONAL,ASTURIAS
a0e0a51b-f0e7-4f10-9736-eb7ecad9a961, LA PEDREGOSA,CARRERA,LA PEDREGOSA
fba1d339-9313-4548-ad89-1c775b7cc19e, ORIENTAL,CARRERA,ANTONIA SANTOS CENTRO
90d206dd-42db-4847-b0c3-1d712ea9a8b9, NORTE,CARRERA,KENNEDY
7765caf0-099f-4476-8264-c75f2f3ffa38, NORTE,ANILLO VIAL,CAFE MADRID
1384de21-95f1-4f5a-8993-6521929a29bb, CABECERA DEL LLANO,DIAGONAL 15,BOLARQUI
150ab74d-ae54-4438-ab3e-0f14184e21e2, GARCIA ROVIRA,CALLE 45 VIA CHIMITA,LA ESTRELLA
5c6f3036-6e8d-47ea-87fc-1e80fe3de776, CENTRO,CALLE,CENTRO
93403e40-818e-4311-a251-62c65f4283eb, CENTRO,AVENIDA Q SECA,CENTRO
20cc08e1-d13f-49d2-8586-b555e1b66b94, NORTE,CALLE,KENNEDY
e06bf3cf-f2cc-4f94-bbb6-c1f78cf5757d, SUROCCIDENTE,AUTOPISTA GIRÓN,BUCARAMANGA
8cbba3c8-5585-42c7-ae4b-252f7bb30eb1, LA PEDREGOSA,AVENIDA,DIAMANTE I
42497d56-49dc-4714-9e85-203570a2b74f, LAGOS DEL CACIQUE,TRANSVERSAL ORIENTAL,LAGOS DEL CACIQUE
cfb9223b-9826-431b-b1e7-41641022d348, LA PEDREGOSA,CARRERA,LA PEDREGOSA
b7af9041-7f91-433f-ad9c-f19af92ec7d1, SAN FRANCISCO,CARRERA,MUTUALIDAD
60554836-a1e3-43cc-baf6-50b06e0f2e60, ORIENTAL,CARRERA,SAN ALONSO
1288bb03-b13d-47e6-bf7c-dc87a0a267f2, NORORIENTAL,CALLE,REGADEROS NORTE
a2626221-97f9-4257-80f2-de22c82f3be2, LA CIUDADELA,AVENIDA SAMANES,REAL DE MINAS
23f9446b-23be-485a-9755-e506e95c4c22, LA CONCORDIA,CARRERA,SAN MIGUEL
044ced38-fdc3-4cbb-b822-3a80a2c56c15, LA CONCORDIA,CARRERA,LA CEIBA
69b51dc8-b6cf-455d-9534-57e27fc73779, LA CONCORDIA,DIAGONAL 15,LA CONCORDIA
7605ac8c-0828-4984-b56b-086197c76e87, SAN FRANCISCO,CALLE,COMUNEROS
7d7ae403-7b1f-4c09-8005-bf2f72b6d51b, MORRORICO,CARRERA,ALBANIA
7243ec6b-b9eb-431e-86d0-0bde706a82bf, ORIENTAL,AVENIDA Q SECA,SAN ALONSO
65941802-49e5-45b6-aec1-53243ed1c099, NORORIENTAL,AUTOPISTA  NORTE,OLAS II
463170fc-057d-416c-b71f-57fb15c60937, MUTIS,CALLE,MUTIS
c4686798-d2bb-4a86-98d1-f344fc2de12a, LA CONCORDIA,CALLE,SAN MIGUEL
f6526721-8b91-4b07-a3d9-cdfd4523469a, SAN FRANCISCO,CALLE,UNIVERSIDAD
cae8a279-83c5-454c-a4d6-4532777263c9, OCCIDENTAL,AUTOPISTA  NORTE,RIO DE ORO I
491e90d7-d579-4ab3-8014-248b71eaec2a, CABECERA DEL LLANO,AVENIDA  GONZALEZ VALENCIA,SOTOMAYOR
ec9a4ab0-be6d-46b6-842d-641b095641ce, LA CONCORDIA,CALLE,LA VICTORIA
1c179560-5b35-4204-8588-674dac178d8e, CENTRO,AVENIDA Q SECA,CENTRO
e534eb34-e9fb-40e4-af8e-9af5697043e6, ORIENTAL,CARRERA,EL PRADO
cb1fa60e-3226-4e57-a8e8-4cb929857009, SAN FRANCISCO,CALLE,SAN FRANCISCO
